포켓몬 명 (국문),포켓몬 명 (영문),도감 번호,타입1,타입2,이미지(일반),이미지(색),50레벨 CP,공격 종족값,방어 종족값,HP 종족값,비고1,비고2,그림자,분류,20Data1,20Data2,20Data3,20Data4,20Data5,20Data6,20Data7,20Data8,20Data9,20Data10,20Data11,20Data12,20Data13,20Data14,20Data15,20Data16,20Data17,20Data18,20Data19,20Data20,20Data21,20Data22,25Data1,25Data2,25Data3,25Data4,25Data5,25Data6,25Data7,25Data8,25Data9,25Data10,25Data11,25Data12,25Data13,25Data14,25Data15,25Data16,25Data17,25Data18,25Data19,25Data20,25Data21,25Data22
가디,Growlithe,58,불꽃,,,,1405,136,93,146,,,-Shadow,일반,"* 여기서부터 오른쪽은 테스트 시 사용한 셀로, 더 이상 사용하지 않음.",,,,,,,,,,,,,,,,,,,,,,,,,,,,,,,,,,,,,,,,,,,
가디(히스이),,58,불꽃,바위,,,1495,142,92,155,-Hisuian,.fHISUIAN,_Shadow,히스이 리전폼,,,,,,,,,,,,,,,,,,,,,,,,,,,,,,,,,,,,,,,,,,,,
가디안,Gardevoir,282,에스퍼,페어리,,,3497,237,195,169,,,-Shadow,일반,,,,,,,,,,,,,,,,,,,,,,,,,,,,,,,,,,,,,,,,,,,,
가로막구리,,862,악,노말,,,2999,180,194,212,,,-Shadow,일반,,,,,,,,,,,,,,,,,,,,,,,,,,,,,,,,,,,,,,,,,,,,
가보리,Aron,304,강철,바위,,,1478,121,141,137,,,-Shadow,일반,,,,,,,,,,,,,,,,,,,,,,,,,,,,,,,,,,,,,,,,,,,,
가비루사,,976,물,에스퍼,,,2754,196,139,207,,,-Shadow,일반,,,,,,,,,,,,,,,,,,,,,,,,,,,,,,,,,,,,,,,,,,,,
가이오가,Kyogre,382,물,,,,4652,270,228,205,,,-Shadow,일반,,,,,,,,,,,,,,,,,,,,,,,,,,,,,,,,,,,,,,,,,,,,
가재군,Corphish,341,물,,,,1391,141,99,125,,,-Shadow,일반,,,,,,,,,,,,,,,,,,,,,,,,,,,,,,,,,,,,,,,,,,,,
가재장군,Crawdaunt,342,물,악,,,2797,224,142,160,,,-Shadow,일반,,,,,,,,,,,,,,,,,,,,,,,,,,,,,,,,,,,,,,,,,,,,
갈가부기,,834,물,바위,,,3209,213,164,207,,,-Shadow,일반,,,,,,,,,,,,,,,,,,,,,,,,,,,,,,,,,,,,,,,,,,,,
갈모매,Wingull,278,물,비행,,,865,106,61,120,,,-Shadow,일반,,,,,,,,,,,,,,,,,,,,,,,,,,,,,,,,,,,,,,,,,,,,
갑주무사,,768,벌레,물,,,3575,218,226,181,,,-Shadow,일반,,,,,,,,,,,,,,,,,,,,,,,,,,,,,,,,,,,,,,,,,,,,
강챙이,Poliwrath,62,물,격투,,,2923,182,184,207,,,-Shadow,일반,,,,,,,,,,,,,,,,,,,,,,,,,,,,,,,,,,,,,,,,,,,,
강철톤,Steelix,208,강철,땅,,,2729,148,272,181,,,-Shadow,일반,,,,,,,,,,,,,,,,,,,,,,,,,,,,,,,,,,,,,,,,,,,,
개구마르,Froakie,656,물,,,,1122,122,84,121,,,-Shadow,일반,,,,,,,,,,,,,,,,,,,,,,,,,,,,,,,,,,,,,,,,,,,,
개굴닌자,Greninja,658,물,악,,,3001,223,152,176,,,-Shadow,일반,,,,,,,,,,,,,,,,,,,,,,,,,,,,,,,,,,,,,,,,,,,,
개굴반장,Frogadier,657,물,,,,1850,168,114,144,,,-Shadow,일반,,,,,,,,,,,,,,,,,,,,,,,,,,,,,,,,,,,,,,,,,,,,
개무소,Wurmple,265,벌레,,,,653,75,59,128,,,-Shadow,일반,,,,,,,,,,,,,,,,,,,,,,,,,,,,,,,,,,,,,,,,,,,,
갱도라,Lairon,305,강철,바위,,,2324,158,198,155,,,-Shadow,일반,,,,,,,,,,,,,,,,,,,,,,,,,,,,,,,,,,,,,,,,,,,,
갸라도스,Gyarados,130,물,비행,,,3834,237,186,216,,,-Shadow,일반,,,,,,,,,,,,,,,,,,,,,,,,,,,,,,,,,,,,,,,,,,,,
거대코뿌리,Rhyperior,464,땅,바위,,,4221,241,190,251,,,-Shadow,일반,,,,,,,,,,,,,,,,,,,,,,,,,,,,,,,,,,,,,,,,,,,,
거북손데스,Barbaracle,689,바위,물,,,3025,194,205,176,,,-Shadow,일반,,,,,,,,,,,,,,,,,,,,,,,,,,,,,,,,,,,,,,,,,,,,
거북손손,Binacle,688,바위,물,,,1069,96,120,123,,,-Shadow,일반,,,,,,,,,,,,,,,,,,,,,,,,,,,,,,,,,,,,,,,,,,,,
거북왕,Blastoise,9,물,,,,2788,171,207,188,,,-Shadow,일반,,,,,,,,,,,,,,,,,,,,,,,,,,,,,,,,,,,,,,,,,,,,
게노세크트,Genesect,649,벌레,강철,,,3791,252,199,174,-Normal,.fNORMAL,-Shadow,기타,,,,,,,,,,,,,,,,,,,,,,,,,,,,,,,,,,,,,,,,,,,,
게을로,Slakoth,287,노말,,,,1133,104,92,155,,,-Shadow,일반,,,,,,,,,,,,,,,,,,,,,,,,,,,,,,,,,,,,,,,,,,,,
게을킹,Slaking,289,노말,,,,5010,290,166,284,,,-Shadow,일반,,,,,,,,,,,,,,,,,,,,,,,,,,,,,,,,,,,,,,,,,,,,
겟핸보숭,Ambipom,424,노말,,,,2733,205,143,181,,,-Shadow,일반,,,,,,,,,,,,,,,,,,,,,,,,,,,,,,,,,,,,,,,,,,,,
견고라스,Tyrantrum,697,바위,드래곤,,,3537,227,191,193,,,-Shadow,일반,,,,,,,,,,,,,,,,,,,,,,,,,,,,,,,,,,,,,,,,,,,,
고고트,Gogoat,673,풀,,,,3163,196,146,265,,,-Shadow,일반,,,,,,,,,,,,,,,,,,,,,,,,,,,,,,,,,,,,,,,,,,,,
고동치는달,,1005,드래곤,악,,,4764,280,196,233,,,-Shadow,일반,,,,,,,,,,,,,,,,,,,,,,,,,,,,,,,,,,,,,,,,,,,,
고디모아젤,Gothitelle,576,에스퍼,,,,2735,176,205,172,,,-Shadow,일반,,,,,,,,,,,,,,,,,,,,,,,,,,,,,,,,,,,,,,,,,,,,
고디보미,Gothorita,575,에스퍼,,,,1813,137,153,155,,,-Shadow,일반,,,,,,,,,,,,,,,,,,,,,,,,,,,,,,,,,,,,,,,,,,,,
고디탱,Gothita,574,에스퍼,,,,1075,98,112,128,,,-Shadow,일반,,,,,,,,,,,,,,,,,,,,,,,,,,,,,,,,,,,,,,,,,,,,
고라파덕,Psyduck,54,물,,,,1250,122,95,137,,,-Shadow,일반,,,,,,,,,,,,,,,,,,,,,,,,,,,,,,,,,,,,,,,,,,,,
고래왕,Wailord,321,물,,,,2577,175,87,347,,,-Shadow,일반,,,,,,,,,,,,,,,,,,,,,,,,,,,,,,,,,,,,,,,,,,,,
고래왕자,Wailmer,320,물,,,,1659,136,68,277,,,-Shadow,일반,,,,,,,,,,,,,,,,,,,,,,,,,,,,,,,,,,,,,,,,,,,,
고릴타,,812,풀,,,,3758,239,168,225,,,-Shadow,일반,,,,,,,,,,,,,,,,,,,,,,,,,,,,,,,,,,,,,,,,,,,,
고오스,Gastly,92,고스트,독,,,1390,186,67,102,,,-Shadow,일반,,,,,,,,,,,,,,,,,,,,,,,,,,,,,,,,,,,,,,,,,,,,
고우스트,Haunter,93,고스트,독,,,2219,223,107,128,,,-Shadow,일반,,,,,,,,,,,,,,,,,,,,,,,,,,,,,,,,,,,,,,,,,,,,
고지,Sandslash,28,땅,,,,2684,182,175,181,,,-Shadow,일반,,,,,,,,,,,,,,,,,,,,,,,,,,,,,,,,,,,,,,,,,,,,
고지(알로라),,28,얼음,강철,,,2750,177,195,181,-Alola,.fALOLA,_Shadow,알로라 리전폼,,,,,,,,,,,,,,,,,,,,,,,,,,,,,,,,,,,,,,,,,,,,
곤율거니,Scrafty,560,악,격투,,,2581,163,222,163,,,-Shadow,일반,,,,,,,,,,,,,,,,,,,,,,,,,,,,,,,,,,,,,,,,,,,,
곤율랭,Scraggy,559,악,격투,,,1551,132,132,137,,,-Shadow,일반,,,,,,,,,,,,,,,,,,,,,,,,,,,,,,,,,,,,,,,,,,,,
골덕,Golduck,55,물,,,,2770,191,162,190,,,-Shadow,일반,,,,,,,,,,,,,,,,,,,,,,,,,,,,,,,,,,,,,,,,,,,,
골루그,Golurk,623,땅,고스트,,,3226,222,154,205,,,-Shadow,일반,,,,,,,,,,,,,,,,,,,,,,,,,,,,,,,,,,,,,,,,,,,,
골뱃,Golbat,42,독,비행,,,2234,161,150,181,,,-Shadow,일반,,,,,,,,,,,,,,,,,,,,,,,,,,,,,,,,,,,,,,,,,,,,
골비람,Golett,622,땅,고스트,,,1344,127,92,153,,,-Shadow,일반,,,,,,,,,,,,,,,,,,,,,,,,,,,,,,,,,,,,,,,,,,,,
공푸리,,947,풀,고스트,,,2745,228,144,146,,,-Shadow,일반,,,,,,,,,,,,,,,,,,,,,,,,,,,,,,,,,,,,,,,,,,,,
과미드라,,1019,풀,드래곤,,,15,,,,,,-Shadow,일반,,,,,,,,,,,,,,,,,,,,,,,,,,,,,,,,,,,,,,,,,,,,
과미르,,1011,풀,드래곤,,,15,,,,,,-Shadow,일반,,,,,,,,,,,,,,,,,,,,,,,,,,,,,,,,,,,,,,,,,,,,
과사삭벌레,,840,풀,드래곤,,,807,71,116,120,,,-Shadow,일반,,,,,,,,,,,,,,,,,,,,,,,,,,,,,,,,,,,,,,,,,,,,
괴력몬,Machamp,68,격투,,,,3455,234,159,207,,,-Shadow,일반,,,,,,,,,,,,,,,,,,,,,,,,,,,,,,,,,,,,,,,,,,,,
구구,Pidgey,16,노말,비행,,,769,85,73,120,,,-Shadow,일반,,,,,,,,,,,,,,,,,,,,,,,,,,,,,,,,,,,,,,,,,,,,
구르데,,953,벌레,,,,922,86,108,121,,,-Shadow,일반,,,,,,,,,,,,,,,,,,,,,,,,,,,,,,,,,,,,,,,,,,,,
굽이치는물결,,1009,물,드래곤,,,15,,,,,,-Shadow,일반,,,,,,,,,,,,,,,,,,,,,,,,,,,,,,,,,,,,,,,,,,,,
귀뚤뚜기,Kricketot,401,벌레,,,,453,45,74,114,,,-Shadow,일반,,,,,,,,,,,,,,,,,,,,,,,,,,,,,,,,,,,,,,,,,,,,
귀뚤톡크,Kricketune,402,벌레,,,,1869,160,100,184,,,-Shadow,일반,,,,,,,,,,,,,,,,,,,,,,,,,,,,,,,,,,,,,,,,,,,,
그라에나,Mightyena,262,악,,,,2177,171,132,172,,,-Shadow,일반,,,,,,,,,,,,,,,,,,,,,,,,,,,,,,,,,,,,,,,,,,,,
그란돈,Groudon,383,땅,,,,4652,270,228,205,,,-Shadow,일반,,,,,,,,,,,,,,,,,,,,,,,,,,,,,,,,,,,,,,,,,,,,
그랑블루,Granbull,210,페어리,,,,2885,212,131,207,,,-Shadow,일반,,,,,,,,,,,,,,,,,,,,,,,,,,,,,,,,,,,,,,,,,,,,
그우린차,,1013,풀,고스트,,,15,,,,,,-Shadow,일반,,,,,,,,,,,,,,,,,,,,,,,,,,,,,,,,,,,,,,,,,,,,
그푸리,,946,풀,고스트,,,991,121,64,120,,,-Shadow,일반,,,,,,,,,,,,,,,,,,,,,,,,,,,,,,,,,,,,,,,,,,,,
근육몬,Machoke,67,격투,,,,2296,177,125,190,,,-Shadow,일반,,,,,,,,,,,,,,,,,,,,,,,,,,,,,,,,,,,,,,,,,,,,
글라이거,Gligar,207,땅,비행,,,2099,143,184,163,,,-Shadow,일반,,,,,,,,,,,,,,,,,,,,,,,,,,,,,,,,,,,,,,,,,,,,
글라이온,Gliscor,472,땅,비행,,,3043,185,222,181,,,-Shadow,일반,,,,,,,,,,,,,,,,,,,,,,,,,,,,,,,,,,,,,,,,,,,,
글레이시아,Glaceon,471,얼음,,,,3535,238,205,163,,,-Shadow,일반,,,,,,,,,,,,,,,,,,,,,,,,,,,,,,,,,,,,,,,,,,,,
기가이어스,Gigalith,526,바위,,,,3650,226,201,198,,,-Shadow,일반,,,,,,,,,,,,,,,,,,,,,,,,,,,,,,,,,,,,,,,,,,,,
기기기어르,Klinklang,601,강철,,,,2981,199,214,155,,,-Shadow,일반,,,,,,,,,,,,,,,,,,,,,,,,,,,,,,,,,,,,,,,,,,,,
기기어르,Klang,600,강철,,,,2088,150,174,155,,,-Shadow,일반,,,,,,,,,,,,,,,,,,,,,,,,,,,,,,,,,,,,,,,,,,,,
기라티나(어나더폼),,487,고스트,드래곤,,,3820,187,225,284,-Altered,.fALTERED,_Shadow,어나더폼,,,,,,,,,,,,,,,,,,,,,,,,,,,,,,,,,,,,,,,,,,,,
기라티나(오리진폼),,487,고스트,드래곤,,,4164,225,187,284,-Origin,.fORIGIN,_Shadow,오리진폼,,,,,,,,,,,,,,,,,,,,,,,,,,,,,,,,,,,,,,,,,,,,
기로치,,1016,독,페어리,,,15,,,,,,-Shadow,일반,,,,,,,,,,,,,,,,,,,,,,,,,,,,,,,,,,,,,,,,,,,,
기어르,Klink,599,강철,,,,1081,98,121,120,,,-Shadow,일반,,,,,,,,,,,,,,,,,,,,,,,,,,,,,,,,,,,,,,,,,,,,
깜까미,Sableye,302,악,고스트,,,1668,141,136,137,,,-Shadow,일반,,,,,,,,,,,,,,,,,,,,,,,,,,,,,,,,,,,,,,,,,,,,
깜놀버슬,Foongus,590,풀,독,,,1107,97,91,170,,,-Shadow,일반,,,,,,,,,,,,,,,,,,,,,,,,,,,,,,,,,,,,,,,,,,,,
깜눈크,Sandile,551,땅,악,,,1172,132,69,137,,,-Shadow,일반,,,,,,,,,,,,,,,,,,,,,,,,,,,,,,,,,,,,,,,,,,,,
깜지곰,Teddiursa,216,노말,,,,1502,142,93,155,,,-Shadow,일반,,,,,,,,,,,,,,,,,,,,,,,,,,,,,,,,,,,,,,,,,,,,
깝질무,Shellos,422,물,,,,1284,103,105,183,-East_Sea,.fEAST_SEA,-Shadow,일반,,,,,,,,,,,,,,,,,,,,,,,,,,,,,,,,,,,,,,,,,,,,
깨물부기,,833,물,,,,1123,114,85,137,,,-Shadow,일반,,,,,,,,,,,,,,,,,,,,,,,,,,,,,,,,,,,,,,,,,,,,
깨봉이,Trubbish,568,독,,,,1131,96,122,137,,,-Shadow,일반,,,,,,,,,,,,,,,,,,,,,,,,,,,,,,,,,,,,,,,,,,,,
깨비드릴조,Fearow,22,노말,비행,,,2257,182,133,163,,,-Shadow,일반,,,,,,,,,,,,,,,,,,,,,,,,,,,,,,,,,,,,,,,,,,,,
깨비물거미,,752,물,벌레,,,2065,126,219,169,,,-Shadow,일반,,,,,,,,,,,,,,,,,,,,,,,,,,,,,,,,,,,,,,,,,,,,
깨비참,Spearow,21,노말,비행,,,902,112,60,120,,,-Shadow,일반,,,,,,,,,,,,,,,,,,,,,,,,,,,,,,,,,,,,,,,,,,,,
껍질몬,Shedinja,292,벌레,고스트,,,445,153,73,1,,,-Shadow,일반,,,,,,,,,,,,,,,,,,,,,,,,,,,,,,,,,,,,,,,,,,,,
꼬렛,Rattata,19,노말,,,,830,103,70,102,,,-Shadow,일반,,,,,,,,,,,,,,,,,,,,,,,,,,,,,,,,,,,,,,,,,,,,
꼬렛(알로라),,19,악,노말,,,830,103,70,102,-Alola,.fALOLA,_Shadow,알로라 리전폼,,,,,,,,,,,,,,,,,,,,,,,,,,,,,,,,,,,,,,,,,,,,
꼬리선,Sentret,161,노말,,,,698,79,73,111,,,-Shadow,일반,,,,,,,,,,,,,,,,,,,,,,,,,,,,,,,,,,,,,,,,,,,,
꼬링크,Shinx,403,전기,,,,990,117,64,128,,,-Shadow,일반,,,,,,,,,,,,,,,,,,,,,,,,,,,,,,,,,,,,,,,,,,,,
꼬마돌,Geodude,74,바위,땅,,,1462,132,132,120,,,-Shadow,일반,,,,,,,,,,,,,,,,,,,,,,,,,,,,,,,,,,,,,,,,,,,,
꼬마돌(알로라),,74,바위,전기,,,1462,132,132,120,-Alola,.fALOLA,_Shadow,알로라 리전폼,,,,,,,,,,,,,,,,,,,,,,,,,,,,,,,,,,,,,,,,,,,,
꼬모카,,829,풀,,,,760,70,104,120,,,-Shadow,일반,,,,,,,,,,,,,,,,,,,,,,,,,,,,,,,,,,,,,,,,,,,,
꼬몽울,Budew,406,풀,독,,,968,91,109,120,,,-Shadow,일반,,,,,,,,,,,,,,,,,,,,,,,,,,,,,,,,,,,,,,,,,,,,
꼬부기,Squirtle,7,물,,,,1069,94,121,127,,,-Shadow,일반,,,,,,,,,,,,,,,,,,,,,,,,,,,,,,,,,,,,,,,,,,,,
꼬시레,,767,벌레,물,,,567,67,74,93,,,-Shadow,일반,,,,,,,,,,,,,,,,,,,,,,,,,,,,,,,,,,,,,,,,,,,,
꼬이밍고,,973,비행,격투,,,3117,227,145,193,,,-Shadow,일반,,,,,,,,,,,,,,,,,,,,,,,,,,,,,,,,,,,,,,,,,,,,
꼬지모,Sudowoodo,185,바위,,,,2428,167,176,172,,,-Shadow,일반,,,,,,,,,,,,,,,,,,,,,,,,,,,,,,,,,,,,,,,,,,,,
꼬지보리,Ducklett,580,물,비행,,,968,84,96,158,,,-Shadow,일반,,,,,,,,,,,,,,,,,,,,,,,,,,,,,,,,,,,,,,,,,,,,
꼬지지,Bonsly,438,바위,,,,1472,124,133,137,,,-Shadow,일반,,,,,,,,,,,,,,,,,,,,,,,,,,,,,,,,,,,,,,,,,,,,
꼬치조,,847,물,,,,3003,258,127,156,,,-Shadow,일반,,,,,,,,,,,,,,,,,,,,,,,,,,,,,,,,,,,,,,,,,,,,
꼴깍몬,Gulpin,316,독,,,,979,80,99,172,,,-Shadow,일반,,,,,,,,,,,,,,,,,,,,,,,,,,,,,,,,,,,,,,,,,,,,
꽁어름,,712,얼음,,,,1374,117,120,146,,,-Shadow,일반,,,,,,,,,,,,,,,,,,,,,,,,,,,,,,,,,,,,,,,,,,,,
꾸꾸리,Swinub,220,얼음,땅,,,837,90,69,137,,,-Shadow,일반,,,,,,,,,,,,,,,,,,,,,,,,,,,,,,,,,,,,,,,,,,,,
꾸왁스,,912,물,,,,1215,120,86,146,,,-Shadow,일반,,,,,,,,,,,,,,,,,,,,,,,,,,,,,,,,,,,,,,,,,,,,
꿀꺽몬,Swalot,317,독,,,,2236,140,159,225,,,-Shadow,일반,,,,,,,,,,,,,,,,,,,,,,,,,,,,,,,,,,,,,,,,,,,,
꿈트렁,,968,강철,,,,2599,161,219,172,,,-Shadow,일반,,,,,,,,,,,,,,,,,,,,,,,,,,,,,,,,,,,,,,,,,,,,
꿰뚫는화염,,1020,불꽃,드래곤,,,15,,,,,,-Shadow,일반,,,,,,,,,,,,,,,,,,,,,,,,,,,,,,,,,,,,,,,,,,,,
끼리동,,878,강철,,,,1557,140,91,176,,,-Shadow,일반,,,,,,,,,,,,,,,,,,,,,,,,,,,,,,,,,,,,,,,,,,,,
나로테,,907,풀,,,,1899,157,128,156,,,-Shadow,일반,,,,,,,,,,,,,,,,,,,,,,,,,,,,,,,,,,,,,,,,,,,,
나루림,Slurpuff,685,페어리,,,,2486,168,163,193,,,-Shadow,일반,,,,,,,,,,,,,,,,,,,,,,,,,,,,,,,,,,,,,,,,,,,,
나룸퍼프,Swirlix,684,페어리,,,,1333,109,119,158,,,-Shadow,일반,,,,,,,,,,,,,,,,,,,,,,,,,,,,,,,,,,,,,,,,,,,,
나메일,Mothim,414,벌레,비행,,,2052,185,98,172,,,-Shadow,일반,,,,,,,,,,,,,,,,,,,,,,,,,,,,,,,,,,,,,,,,,,,,
나목령,,708,고스트,풀,,,1270,125,103,125,,,-Shadow,일반,,,,,,,,,,,,,,,,,,,,,,,,,,,,,,,,,,,,,,,,,,,,
나몰빼미,,722,풀,비행,,,1196,102,99,169,,,-Shadow,일반,,,,,,,,,,,,,,,,,,,,,,,,,,,,,,,,,,,,,,,,,,,,
나무돌이,Grovyle,253,풀,,,,1891,172,120,137,,,-Shadow,일반,,,,,,,,,,,,,,,,,,,,,,,,,,,,,,,,,,,,,,,,,,,,
나무지기,Treecko,252,풀,,,,1190,124,94,120,,,-Shadow,일반,,,,,,,,,,,,,,,,,,,,,,,,,,,,,,,,,,,,,,,,,,,,
나무킹,Sceptile,254,풀,,,,3117,223,169,172,,,-Shadow,일반,,,,,,,,,,,,,,,,,,,,,,,,,,,,,,,,,,,,,,,,,,,,
나시,Exeggutor,103,풀,에스퍼,,,3408,233,149,216,,,-Shadow,일반,,,,,,,,,,,,,,,,,,,,,,,,,,,,,,,,,,,,,,,,,,,,
나시(알로라),,103,풀,드래곤,,,3407,230,153,216,-Alola,.fALOLA,_Shadow,알로라 리전폼,,,,,,,,,,,,,,,,,,,,,,,,,,,,,,,,,,,,,,,,,,,,
나오하,,906,풀,,,,1147,116,99,120,,,-Shadow,일반,,,,,,,,,,,,,,,,,,,,,,,,,,,,,,,,,,,,,,,,,,,,
나옹,Meowth,52,노말,,,,846,92,78,120,,,-Shadow,일반,,,,,,,,,,,,,,,,,,,,,,,,,,,,,,,,,,,,,,,,,,,,
나옹(가라르),,52,강철,,,,1170,115,92,137,-Galarian,.fGALARIAN,_Shadow,가라르 리전폼,,,,,,,,,,,,,,,,,,,,,,,,,,,,,,,,,,,,,,,,,,,,
나옹(알로라),,52,악,,,,901,99,78,120,-Alola,.fALOLA,_Shadow,알로라 리전폼,,,,,,,,,,,,,,,,,,,,,,,,,,,,,,,,,,,,,,,,,,,,
나옹마,Glameow,431,노말,,,,1056,109,82,135,,,-Shadow,일반,,,,,,,,,,,,,,,,,,,,,,,,,,,,,,,,,,,,,,,,,,,,
나이킹,,863,강철,,,,2697,195,162,172,,,-Shadow,일반,,,,,,,,,,,,,,,,,,,,,,,,,,,,,,,,,,,,,,,,,,,,
나인테일,Ninetales,38,불꽃,,,,2577,169,190,177,,,-Shadow,일반,,,,,,,,,,,,,,,,,,,,,,,,,,,,,,,,,,,,,,,,,,,,
나인테일(알로라),,38,얼음,페어리,,,2610,170,193,177,-Alola,.fALOLA,_Shadow,알로라 리전폼,,,,,,,,,,,,,,,,,,,,,,,,,,,,,,,,,,,,,,,,,,,,
날개치는머리,,987,고스트,페어리,,,4179,280,235,146,,,-Shadow,일반,,,,,,,,,,,,,,,,,,,,,,,,,,,,,,,,,,,,,,,,,,,,
날뛰는우레,,1021,전기,드래곤,,,15,,,,,,-Shadow,일반,,,,,,,,,,,,,,,,,,,,,,,,,,,,,,,,,,,,,,,,,,,,
날쌩마,Rapidash,78,불꽃,,,,2782,207,162,163,,,-Shadow,일반,,,,,,,,,,,,,,,,,,,,,,,,,,,,,,,,,,,,,,,,,,,,
날쌩마(가라르),,78,에스퍼,페어리,,,2782,207,162,163,-Galarian,.fGALARIAN,_Shadow,가라르 리전폼,,,,,,,,,,,,,,,,,,,,,,,,,,,,,,,,,,,,,,,,,,,,
내던숭이,,766,격투,,,,3429,222,160,225,,,-Shadow,일반,,,,,,,,,,,,,,,,,,,,,,,,,,,,,,,,,,,,,,,,,,,,
내루미,Lickitung,108,노말,,,,1595,108,137,207,,,-Shadow,일반,,,,,,,,,,,,,,,,,,,,,,,,,,,,,,,,,,,,,,,,,,,,
내룸벨트,Lickilicky,463,노말,,,,2789,161,181,242,,,-Shadow,일반,,,,,,,,,,,,,,,,,,,,,,,,,,,,,,,,,,,,,,,,,,,,
냄새꼬,Gloom,44,풀,독,,,1900,153,136,155,,,-Shadow,일반,,,,,,,,,,,,,,,,,,,,,,,,,,,,,,,,,,,,,,,,,,,,
냐스퍼,Espurr,677,에스퍼,,,,1424,120,114,158,,,-Shadow,일반,,,,,,,,,,,,,,,,,,,,,,,,,,,,,,,,,,,,,,,,,,,,
냐오닉스,Meowstic,678,에스퍼,,,,2401,166,167,179,,,-Shadow,일반,,,,,,,,,,,,,,,,,,,,,,,,,,,,,,,,,,,,,,,,,,,,
냐오불,,725,불꽃,,,,1170,128,79,128,,,-Shadow,일반,,,,,,,,,,,,,,,,,,,,,,,,,,,,,,,,,,,,,,,,,,,,
냐오히트,,726,불꽃,,,,1934,174,103,163,,,-Shadow,일반,,,,,,,,,,,,,,,,,,,,,,,,,,,,,,,,,,,,,,,,,,,,
너트령,Ferrothorn,598,풀,강철,,,2624,158,223,179,,,-Shadow,일반,,,,,,,,,,,,,,,,,,,,,,,,,,,,,,,,,,,,,,,,,,,,
네오라이트,Lumineon,457,물,,,,2050,142,170,170,,,-Shadow,일반,,,,,,,,,,,,,,,,,,,,,,,,,,,,,,,,,,,,,,,,,,,,
네오비트,Illumise,314,벌레,,,,2002,143,166,163,,,-Shadow,일반,,,,,,,,,,,,,,,,,,,,,,,,,,,,,,,,,,,,,,,,,,,,
네이티,Natu,177,에스퍼,비행,,,1246,134,89,120,,,-Shadow,일반,,,,,,,,,,,,,,,,,,,,,,,,,,,,,,,,,,,,,,,,,,,,
네이티오,Xatu,178,에스퍼,비행,,,2474,192,146,163,,,-Shadow,일반,,,,,,,,,,,,,,,,,,,,,,,,,,,,,,,,,,,,,,,,,,,,
네크로즈마,,800,에스퍼,,,,4163,251,195,219,,,-Shadow,일반,,,,,,,,,,,,,,,,,,,,,,,,,,,,,,,,,,,,,,,,,,,,
네크로즈마(새벽의 날개),,800,에스퍼,고스트,,,4634,277,220,200,-Dawn_Wings,.fDAWN_WINGS,_Shadow,기타,,,,,,,,,,,,,,,,,,,,,,,,,,,,,,,,,,,,,,,,,,,,
네크로즈마(황혼의 갈기),,800,에스퍼,강철,,,4634,277,220,200,-Dusk_Mane,.fDUSK_MANE,_Shadow,기타,,,,,,,,,,,,,,,,,,,,,,,,,,,,,,,,,,,,,,,,,,,,
노고고치,,982,노말,,,,3097,188,150,268,,,-Shadow,일반,,,,,,,,,,,,,,,,,,,,,,,,,,,,,,,,,,,,,,,,,,,,
노고치,Dunsparce,206,노말,,,,1909,131,128,225,,,-Shadow,일반,,,,,,,,,,,,,,,,,,,,,,,,,,,,,,,,,,,,,,,,,,,,
노공룡,Loudred,294,노말,,,,1500,134,81,197,,,-Shadow,일반,,,,,,,,,,,,,,,,,,,,,,,,,,,,,,,,,,,,,,,,,,,,
노라키,Stantler,234,노말,,,,2447,192,131,177,,,-Shadow,일반,,,,,,,,,,,,,,,,,,,,,,,,,,,,,,,,,,,,,,,,,,,,
노보청,Conkeldurr,534,격투,,,,3773,243,158,233,,,-Shadow,일반,,,,,,,,,,,,,,,,,,,,,,,,,,,,,,,,,,,,,,,,,,,,
누겔레온,,817,물,,,,2142,186,113,163,,,-Shadow,일반,,,,,,,,,,,,,,,,,,,,,,,,,,,,,,,,,,,,,,,,,,,,
누니머기,,872,얼음,벌레,,,597,76,59,102,,,-Shadow,일반,,,,,,,,,,,,,,,,,,,,,,,,,,,,,,,,,,,,,,,,,,,,
누리공,,728,물,,,,1276,120,103,137,,,-Shadow,일반,,,,,,,,,,,,,,,,,,,,,,,,,,,,,,,,,,,,,,,,,,,,
누리레느,,730,물,페어리,,,3618,232,195,190,,,-Shadow,일반,,,,,,,,,,,,,,,,,,,,,,,,,,,,,,,,,,,,,,,,,,,,
누오,Quagsire,195,물,땅,,,2252,152,143,216,,,-Shadow,일반,,,,,,,,,,,,,,,,,,,,,,,,,,,,,,,,,,,,,,,,,,,,
눈꼬마,Snorunt,361,얼음,,,,1004,95,95,137,,,-Shadow,일반,,,,,,,,,,,,,,,,,,,,,,,,,,,,,,,,,,,,,,,,,,,,
눈설왕,Abomasnow,460,풀,얼음,,,2670,178,158,207,,,-Shadow,일반,,,,,,,,,,,,,,,,,,,,,,,,,,,,,,,,,,,,,,,,,,,,
눈쓰개,Snover,459,풀,얼음,,,1311,115,105,155,,,-Shadow,일반,,,,,,,,,,,,,,,,,,,,,,,,,,,,,,,,,,,,,,,,,,,,
눈여아,Froslass,478,얼음,고스트,,,2306,171,150,172,,,-Shadow,일반,,,,,,,,,,,,,,,,,,,,,,,,,,,,,,,,,,,,,,,,,,,,
늑골라,Carracosta,565,물,바위,,,2964,192,197,179,,,-Shadow,일반,,,,,,,,,,,,,,,,,,,,,,,,,,,,,,,,,,,,,,,,,,,,
늪짱이,Marshtomp,259,물,땅,,,2008,156,133,172,,,-Shadow,일반,,,,,,,,,,,,,,,,,,,,,,,,,,,,,,,,,,,,,,,,,,,,
니드런♀,Nidoran♀,29,독,,,,922,86,89,146,,,-Shadow,일반,,,,,,,,,,,,,,,,,,,,,,,,,,,,,,,,,,,,,,,,,,,,
니드런♂,Nidoran♂,32,독,,,,973,105,76,130,,,-Shadow,일반,,,,,,,,,,,,,,,,,,,,,,,,,,,,,,,,,,,,,,,,,,,,
니드리나,Nidorina,30,독,,,,1480,117,120,172,,,-Shadow,일반,,,,,,,,,,,,,,,,,,,,,,,,,,,,,,,,,,,,,,,,,,,,
니드리노,Nidorino,33,독,,,,1575,137,111,156,,,-Shadow,일반,,,,,,,,,,,,,,,,,,,,,,,,,,,,,,,,,,,,,,,,,,,,
니드퀸,Nidoqueen,31,독,땅,,,2812,180,173,207,,,-Shadow,일반,,,,,,,,,,,,,,,,,,,,,,,,,,,,,,,,,,,,,,,,,,,,
니드킹,Nidoking,34,독,땅,,,2902,204,156,191,,,-Shadow,일반,,,,,,,,,,,,,,,,,,,,,,,,,,,,,,,,,,,,,,,,,,,,
니로우,Murkrow,198,악,비행,,,1766,175,87,155,,,-Shadow,일반,,,,,,,,,,,,,,,,,,,,,,,,,,,,,,,,,,,,,,,,,,,,
님피아,Sylveon,700,페어리,,,,3470,203,205,216,,,-Shadow,일반,,,,,,,,,,,,,,,,,,,,,,,,,,,,,,,,,,,,,,,,,,,,
다꼬리,Furret,162,노말,,,,1987,148,125,198,,,-Shadow,일반,,,,,,,,,,,,,,,,,,,,,,,,,,,,,,,,,,,,,,,,,,,,
다부니,Audino,531,노말,,,,1902,114,163,230,,,-Shadow,일반,,,,,,,,,,,,,,,,,,,,,,,,,,,,,,,,,,,,,,,,,,,,
다크라이,Darkrai,491,악,,,,4227,285,198,172,,,-Shadow,일반,,,,,,,,,,,,,,,,,,,,,,,,,,,,,,,,,,,,,,,,,,,,
다크펫,Banette,354,고스트,,,,2599,218,126,162,,,-Shadow,일반,,,,,,,,,,,,,,,,,,,,,,,,,,,,,,,,,,,,,,,,,,,,
다태우지네,,851,불꽃,벌레,,,3381,220,158,225,,,-Shadow,일반,,,,,,,,,,,,,,,,,,,,,,,,,,,,,,,,,,,,,,,,,,,,
다탱구,Shiftry,275,풀,악,,,2637,200,121,207,,,-Shadow,일반,,,,,,,,,,,,,,,,,,,,,,,,,,,,,,,,,,,,,,,,,,,,
다투곰,,901,땅,노말,,,4358,243,181,277,,,-Shadow,일반,,,,,,,,,,,,,,,,,,,,,,,,,,,,,,,,,,,,,,,,,,,,
다투곰(붉은 달),,901,땅,노말,,,15,,,,,,_Shadow,일반,,,,,,,,,,,,,,,,,,,,,,,,,,,,,,,,,,,,,,,,,,,,
닥트리오,Dugtrio,51,땅,,,,1760,167,134,111,,,-Shadow,일반,,,,,,,,,,,,,,,,,,,,,,,,,,,,,,,,,,,,,,,,,,,,
닥트리오(알로라),,51,땅,강철,,,2145,201,142,111,-Alola,.fALOLA,_Shadow,알로라 리전폼,,,,,,,,,,,,,,,,,,,,,,,,,,,,,,,,,,,,,,,,,,,,
단굴,Roggenrola,524,바위,,,,1362,121,110,146,,,-Shadow,일반,,,,,,,,,,,,,,,,,,,,,,,,,,,,,,,,,,,,,,,,,,,,
단단지,Shuckle,213,벌레,바위,,,458,17,396,85,,,-Shadow,일반,,,,,,,,,,,,,,,,,,,,,,,,,,,,,,,,,,,,,,,,,,,,
단데기,Metapod,11,벌레,,,,509,45,80,137,,,-Shadow,일반,,,,,,,,,,,,,,,,,,,,,,,,,,,,,,,,,,,,,,,,,,,,
단지래플,,842,풀,드래곤,,,2772,178,146,242,,,-Shadow,일반,,,,,,,,,,,,,,,,,,,,,,,,,,,,,,,,,,,,,,,,,,,,
단칼빙,Honedge,679,강철,고스트,,,1571,135,139,128,,,-Shadow,일반,,,,,,,,,,,,,,,,,,,,,,,,,,,,,,,,,,,,,,,,,,,,
달막화,Darumaka,554,불꽃,,,,1630,153,86,172,,,-Shadow,일반,,,,,,,,,,,,,,,,,,,,,,,,,,,,,,,,,,,,,,,,,,,,
달막화(가라르),,554,얼음,,,,1630,153,86,172,-Galarian,.fGALARIAN,_Shadow,가라르 리전폼,,,,,,,,,,,,,,,,,,,,,,,,,,,,,,,,,,,,,,,,,,,,
달무리나,,762,풀,,,,856,78,94,141,,,-Shadow,일반,,,,,,,,,,,,,,,,,,,,,,,,,,,,,,,,,,,,,,,,,,,,
달코퀸,,763,풀,,,,3351,222,195,176,,,-Shadow,일반,,,,,,,,,,,,,,,,,,,,,,,,,,,,,,,,,,,,,,,,,,,,
달콤아,,761,풀,,,,532,55,69,123,,,-Shadow,일반,,,,,,,,,,,,,,,,,,,,,,,,,,,,,,,,,,,,,,,,,,,,
대검귀,Samurott,503,물,,,,3194,212,157,216,,,-Shadow,일반,,,,,,,,,,,,,,,,,,,,,,,,,,,,,,,,,,,,,,,,,,,,
대검귀(히스이),,503,물,악,,,3167,218,152,207,-Hisuian,.fHISUIAN,_Shadow,히스이 리전폼,,,,,,,,,,,,,,,,,,,,,,,,,,,,,,,,,,,,,,,,,,,,
대굴레오,Spheal,363,얼음,물,,,1088,95,90,172,,,-Shadow,일반,,,,,,,,,,,,,,,,,,,,,,,,,,,,,,,,,,,,,,,,,,,,
대도각참,,983,악,강철,,,4086,238,203,225,,,-Shadow,일반,,,,,,,,,,,,,,,,,,,,,,,,,,,,,,,,,,,,,,,,,,,,
대로트,,709,고스트,풀,,,2893,201,154,198,,,-Shadow,일반,,,,,,,,,,,,,,,,,,,,,,,,,,,,,,,,,,,,,,,,,,,,
대쓰여너(수컷),,902,물,고스트,,,3425,217,144,260,,,_Shadow,일반,,,,,,,,,,,,,,,,,,,,,,,,,,,,,,,,,,,,,,,,,,,,
대쓰여너(암컷),,902,물,고스트,,,3159,199,144,260,,,_Shadow,일반,,,,,,,,,,,,,,,,,,,,,,,,,,,,,,,,,,,,,,,,,,,,
대여르,,870,격투,,,,2665,193,170,163,,,-Shadow,일반,,,,,,,,,,,,,,,,,,,,,,,,,,,,,,,,,,,,,,,,,,,,
대왕끼리동,,879,강철,,,,3369,226,126,263,,,-Shadow,일반,,,,,,,,,,,,,,,,,,,,,,,,,,,,,,,,,,,,,,,,,,,,
대짱이,Swampert,260,물,땅,,,3362,208,175,225,,,-Shadow,일반,,,,,,,,,,,,,,,,,,,,,,,,,,,,,,,,,,,,,,,,,,,,
대코파스,Probopass,476,바위,강철,,,2351,135,275,155,,,-Shadow,일반,,,,,,,,,,,,,,,,,,,,,,,,,,,,,,,,,,,,,,,,,,,,
대포무노,Octillery,224,물,,,,2617,197,141,181,,,-Shadow,일반,,,,,,,,,,,,,,,,,,,,,,,,,,,,,,,,,,,,,,,,,,,,
더스트나,Garbodor,569,독,,,,2651,181,164,190,,,-Shadow,일반,,,,,,,,,,,,,,,,,,,,,,,,,,,,,,,,,,,,,,,,,,,,
더시마사리,,748,독,물,,,1905,114,273,137,,,-Shadow,일반,,,,,,,,,,,,,,,,,,,,,,,,,,,,,,,,,,,,,,,,,,,,
던지미,Throh,538,격투,,,,2896,172,160,260,,,-Shadow,일반,,,,,,,,,,,,,,,,,,,,,,,,,,,,,,,,,,,,,,,,,,,,
덩쿠리,Tangela,114,풀,,,,2530,183,169,163,,,-Shadow,일반,,,,,,,,,,,,,,,,,,,,,,,,,,,,,,,,,,,,,,,,,,,,
덩쿠림보,Tangrowth,465,풀,,,,3425,207,184,225,,,-Shadow,일반,,,,,,,,,,,,,,,,,,,,,,,,,,,,,,,,,,,,,,,,,,,,
데구리,Graveler,75,바위,땅,,,2145,164,164,146,,,-Shadow,일반,,,,,,,,,,,,,,,,,,,,,,,,,,,,,,,,,,,,,,,,,,,,
데구리(알로라),,75,바위,전기,,,2145,164,164,146,-Alola,.fALOLA,_Shadow,알로라 리전폼,,,,,,,,,,,,,,,,,,,,,,,,,,,,,,,,,,,,,,,,,,,,
데기라스,Pupitar,247,바위,땅,,,1996,155,133,172,,,-Shadow,일반,,,,,,,,,,,,,,,,,,,,,,,,,,,,,,,,,,,,,,,,,,,,
데덴네,Dedenne,702,전기,페어리,,,2081,164,134,167,,,-Shadow,일반,,,,,,,,,,,,,,,,,,,,,,,,,,,,,,,,,,,,,,,,,,,,
데스니칸,Cofagrigus,563,고스트,,,,2570,163,237,151,,,-Shadow,일반,,,,,,,,,,,,,,,,,,,,,,,,,,,,,,,,,,,,,,,,,,,,
데스마스,Yamask,562,고스트,,,,1110,95,141,116,,,-Shadow,일반,,,,,,,,,,,,,,,,,,,,,,,,,,,,,,,,,,,,,,,,,,,,
데스마스(가라르),,562,땅,고스트,,,1110,95,141,116,-Galarian,.fGALARIAN,_Shadow,가라르 리전폼,,,,,,,,,,,,,,,,,,,,,,,,,,,,,,,,,,,,,,,,,,,,
데스판,,867,땅,고스트,,,2570,163,237,151,,,-Shadow,일반,,,,,,,,,,,,,,,,,,,,,,,,,,,,,,,,,,,,,,,,,,,,
데인차,,854,고스트,,,,1287,134,96,120,,.fANTIQUE,-Shadow,기타,,,,,,,,,,,,,,,,,,,,,,,,,,,,,,,,,,,,,,,,,,,,
델빌,Houndour,228,악,불꽃,,,1395,152,83,128,,,-Shadow,일반,,,,,,,,,,,,,,,,,,,,,,,,,,,,,,,,,,,,,,,,,,,,
델케티,Delcatty,301,노말,,,,1691,132,127,172,,,-Shadow,일반,,,,,,,,,,,,,,,,,,,,,,,,,,,,,,,,,,,,,,,,,,,,
도나리,Venomoth,49,벌레,독,,,2354,179,143,172,,,-Shadow,일반,,,,,,,,,,,,,,,,,,,,,,,,,,,,,,,,,,,,,,,,,,,,
도롱마담(모래땅도롱),,413,벌레,땅,,,2005,141,180,155,-Sandy,,_Shadow,기타,,,,,,,,,,,,,,,,,,,,,,,,,,,,,,,,,,,,,,,,,,,,
도롱마담(슈레도롱),,413,벌레,강철,,,1802,127,175,155,-Trash,,_Shadow,기타,,,,,,,,,,,,,,,,,,,,,,,,,,,,,,,,,,,,,,,,,,,,
도롱마담(초목도롱),,413,벌레,풀,,,2005,141,180,155,-Plant,,_Shadow,기타,,,,,,,,,,,,,,,,,,,,,,,,,,,,,,,,,,,,,,,,,,,,
도롱충이,Burmy,412,벌레,,,,552,53,83,120,,,-Shadow,일반,,,,,,,,,,,,,,,,,,,,,,,,,,,,,,,,,,,,,,,,,,,,
도치마론,Chespin,650,풀,,,,1239,110,106,148,,,-Shadow,일반,,,,,,,,,,,,,,,,,,,,,,,,,,,,,,,,,,,,,,,,,,,,
도치보구,Quilladin,651,풀,,,,1943,146,156,156,,,-Shadow,일반,,,,,,,,,,,,,,,,,,,,,,,,,,,,,,,,,,,,,,,,,,,,
도토링,Seedot,273,풀,,,,676,71,77,120,,,-Shadow,일반,,,,,,,,,,,,,,,,,,,,,,,,,,,,,,,,,,,,,,,,,,,,
독개굴,Toxicroak,454,독,격투,,,2813,211,133,195,,,-Shadow,일반,,,,,,,,,,,,,,,,,,,,,,,,,,,,,,,,,,,,,,,,,,,,
독침붕,Beedrill,15,벌레,독,,,2087,169,130,163,,,-Shadow,일반,,,,,,,,,,,,,,,,,,,,,,,,,,,,,,,,,,,,,,,,,,,,
독케일,Dustox,269,벌레,독,,,1384,98,162,155,,,-Shadow,일반,,,,,,,,,,,,,,,,,,,,,,,,,,,,,,,,,,,,,,,,,,,,
독파리,Tentacruel,73,물,독,,,2738,166,209,190,,,-Shadow,일반,,,,,,,,,,,,,,,,,,,,,,,,,,,,,,,,,,,,,,,,,,,,
돈크로우,Honchkrow,430,악,비행,,,3065,243,103,225,,,-Shadow,일반,,,,,,,,,,,,,,,,,,,,,,,,,,,,,,,,,,,,,,,,,,,,
돌살이,Dwebble,557,벌레,바위,,,1384,118,128,137,,,-Shadow,일반,,,,,,,,,,,,,,,,,,,,,,,,,,,,,,,,,,,,,,,,,,,,
돌핀맨(나이브폼),,964,물,,,,2179,143,144,225,-Zero,,_Shadow,일반,,,,,,,,,,,,,,,,,,,,,,,,,,,,,,,,,,,,,,,,,,,,
돌핀맨(마이티폼),,964,물,,,,5354,322,196,225,-Hero,,_Shadow,일반,,,,,,,,,,,,,,,,,,,,,,,,,,,,,,,,,,,,,,,,,,,,
돌헨진,,874,바위,,,,3638,222,182,225,,,-Shadow,일반,,,,,,,,,,,,,,,,,,,,,,,,,,,,,,,,,,,,,,,,,,,,
동미러,Bronzor,436,강철,에스퍼,,,681,43,154,149,,,-Shadow,일반,,,,,,,,,,,,,,,,,,,,,,,,,,,,,,,,,,,,,,,,,,,,
동챙이,Tympole,535,물,,,,948,98,78,137,,,-Shadow,일반,,,,,,,,,,,,,,,,,,,,,,,,,,,,,,,,,,,,,,,,,,,,
동탁군,Bronzong,437,강철,에스퍼,,,2531,161,213,167,,,-Shadow,일반,,,,,,,,,,,,,,,,,,,,,,,,,,,,,,,,,,,,,,,,,,,,
두개도스,Cranidos,408,바위,,,,2058,218,71,167,,,-Shadow,일반,,,,,,,,,,,,,,,,,,,,,,,,,,,,,,,,,,,,,,,,,,,,
두까비,Palpitoad,536,물,땅,,,1574,128,109,181,,,-Shadow,일반,,,,,,,,,,,,,,,,,,,,,,,,,,,,,,,,,,,,,,,,,,,,
두더류,Drilbur,529,땅,,,,1555,154,85,155,,,-Shadow,일반,,,,,,,,,,,,,,,,,,,,,,,,,,,,,,,,,,,,,,,,,,,,
두두,Doduo,84,노말,비행,,,1357,158,83,111,,,-Shadow,일반,,,,,,,,,,,,,,,,,,,,,,,,,,,,,,,,,,,,,,,,,,,,
두드리짱,,959,페어리,강철,,,2544,155,196,198,,,-Shadow,일반,,,,,,,,,,,,,,,,,,,,,,,,,,,,,,,,,,,,,,,,,,,,
두랄루돈,,884,강철,드래곤,,,3468,239,185,172,,,-Shadow,일반,,,,,,,,,,,,,,,,,,,,,,,,,,,,,,,,,,,,,,,,,,,,
두루지벌레,,824,벌레,,,,405,46,67,93,,,-Shadow,일반,,,,,,,,,,,,,,,,,,,,,,,,,,,,,,,,,,,,,,,,,,,,
두르보,Sewaddle,540,벌레,풀,,,1105,96,124,128,,,-Shadow,일반,,,,,,,,,,,,,,,,,,,,,,,,,,,,,,,,,,,,,,,,,,,,
두르쿤,Swadloon,541,벌레,풀,,,1549,115,162,146,,,-Shadow,일반,,,,,,,,,,,,,,,,,,,,,,,,,,,,,,,,,,,,,,,,,,,,
두리쥐,,924,노말,,,,1008,98,90,137,,,-Shadow,일반,,,,,,,,,,,,,,,,,,,,,,,,,,,,,,,,,,,,,,,,,,,,
두빅굴,Seismitoad,537,물,땅,,,2899,188,150,233,,,-Shadow,일반,,,,,,,,,,,,,,,,,,,,,,,,,,,,,,,,,,,,,,,,,,,,
두코,Skiploom,188,풀,비행,,,1103,91,120,146,,,-Shadow,일반,,,,,,,,,,,,,,,,,,,,,,,,,,,,,,,,,,,,,,,,,,,,
두트리오,Dodrio,85,노말,비행,,,2670,218,140,155,,,-Shadow,일반,,,,,,,,,,,,,,,,,,,,,,,,,,,,,,,,,,,,,,,,,,,,
두파팡,,806,불꽃,고스트,,,3727,315,148,142,,,-Shadow,일반,,,,,,,,,,,,,,,,,,,,,,,,,,,,,,,,,,,,,,,,,,,,
둔타,Numel,322,불꽃,땅,,,1196,119,79,155,,,-Shadow,일반,,,,,,,,,,,,,,,,,,,,,,,,,,,,,,,,,,,,,,,,,,,,
둥실라이드,Drifblim,426,고스트,비행,,,2693,180,102,312,,,-Shadow,일반,,,,,,,,,,,,,,,,,,,,,,,,,,,,,,,,,,,,,,,,,,,,
듀란,Duosion,578,에스퍼,,,,2282,208,103,163,,,-Shadow,일반,,,,,,,,,,,,,,,,,,,,,,,,,,,,,,,,,,,,,,,,,,,,
드니꽁,,997,드래곤,얼음,,,2365,173,128,207,,,-Shadow,일반,,,,,,,,,,,,,,,,,,,,,,,,,,,,,,,,,,,,,,,,,,,,
드니차,,996,드래곤,얼음,,,1410,134,86,163,,,-Shadow,일반,,,,,,,,,,,,,,,,,,,,,,,,,,,,,,,,,,,,,,,,,,,,
드닐레이브,,998,드래곤,얼음,,,4013,254,168,229,,,-Shadow,일반,,,,,,,,,,,,,,,,,,,,,,,,,,,,,,,,,,,,,,,,,,,,
드라꼰,,885,드래곤,고스트,,,867,117,61,99,,,-Shadow,일반,,,,,,,,,,,,,,,,,,,,,,,,,,,,,,,,,,,,,,,,,,,,
드래런치,,886,드래곤,고스트,,,1867,163,105,169,,,-Shadow,일반,,,,,,,,,,,,,,,,,,,,,,,,,,,,,,,,,,,,,,,,,,,,
드래캄,Dragalge,691,독,드래곤,,,2694,177,207,163,,,-Shadow,일반,,,,,,,,,,,,,,,,,,,,,,,,,,,,,,,,,,,,,,,,,,,,
드래펄트,,887,드래곤,고스트,,,3993,266,170,204,,,-Shadow,일반,,,,,,,,,,,,,,,,,,,,,,,,,,,,,,,,,,,,,,,,,,,,
드래피온,Drapion,452,독,악,,,2773,180,202,172,,,-Shadow,일반,,,,,,,,,,,,,,,,,,,,,,,,,,,,,,,,,,,,,,,,,,,,
드레디어,Lilligant,549,풀,,,,2883,214,155,172,,,-Shadow,일반,,,,,,,,,,,,,,,,,,,,,,,,,,,,,,,,,,,,,,,,,,,,
드레디어(히스이),,549,풀,격투,,,2840,208,159,172,-Hisuian,.fHISUIAN,_Shadow,히스이 리전폼,,,,,,,,,,,,,,,,,,,,,,,,,,,,,,,,,,,,,,,,,,,,
들눈해,,948,땅,풀,,,1176,97,149,120,,,-Shadow,일반,,,,,,,,,,,,,,,,,,,,,,,,,,,,,,,,,,,,,,,,,,,,
디그다,Diglett,50,땅,,,,764,109,78,67,,,-Shadow,일반,,,,,,,,,,,,,,,,,,,,,,,,,,,,,,,,,,,,,,,,,,,,
디그다(알로라),,50,땅,강철,,,770,108,81,67,-Alola,.fALOLA,_Shadow,알로라 리전폼,,,,,,,,,,,,,,,,,,,,,,,,,,,,,,,,,,,,,,,,,,,,
디아루가(어나더폼),Dialga,483,강철,드래곤,,,4565,275,211,205,,,_Shadow,일반,,,,,,,,,,,,,,,,,,,,,,,,,,,,,,,,,,,,,,,,,,,,
디아루가(오리진폼),,483,강철,드래곤,,,4624,270,225,205,-Origin,.fORIGIN,_Shadow,오리진폼,,,,,,,,,,,,,,,,,,,,,,,,,,,,,,,,,,,,,,,,,,,,
디안시,,719,바위,페어리,,,3091,190,285,137,,,-Shadow,일반,,,,,,,,,,,,,,,,,,,,,,,,,,,,,,,,,,,,,,,,,,,,
디헤드,Zweilous,634,악,드래곤,,,2079,159,135,176,,,-Shadow,일반,,,,,,,,,,,,,,,,,,,,,,,,,,,,,,,,,,,,,,,,,,,,
딜리버드,Delibird,225,얼음,비행,,,1237,128,90,128,,,-Shadow,일반,,,,,,,,,,,,,,,,,,,,,,,,,,,,,,,,,,,,,,,,,,,,
딥상어동,Gible,443,드래곤,땅,,,1258,124,84,151,,,-Shadow,일반,,,,,,,,,,,,,,,,,,,,,,,,,,,,,,,,,,,,,,,,,,,,
딩루,,1003,악,땅,,,3994,194,203,321,,,-Shadow,일반,,,,,,,,,,,,,,,,,,,,,,,,,,,,,,,,,,,,,,,,,,,,
따라큐,,778,고스트,페어리,,,2516,177,199,146,,.fDISGUISED,-Shadow,기타,,,,,,,,,,,,,,,,,,,,,,,,,,,,,,,,,,,,,,,,,,,,
딱구리,Golem,76,바위,땅,,,3334,211,198,190,,,-Shadow,일반,,,,,,,,,,,,,,,,,,,,,,,,,,,,,,,,,,,,,,,,,,,,
딱구리(알로라),,76,바위,전기,,,3334,211,198,190,-Alola,.fALOLA,_Shadow,알로라 리전폼,,,,,,,,,,,,,,,,,,,,,,,,,,,,,,,,,,,,,,,,,,,,
딱정곤,Karrablast,588,벌레,,,,1336,137,87,137,,,-Shadow,일반,,,,,,,,,,,,,,,,,,,,,,,,,,,,,,,,,,,,,,,,,,,,
딱충이,Kakuna,14,벌레,독,,,488,46,75,128,,,-Shadow,일반,,,,,,,,,,,,,,,,,,,,,,,,,,,,,,,,,,,,,,,,,,,,
땃쭈르,,944,독,노말,,,1051,124,70,120,,,-Shadow,일반,,,,,,,,,,,,,,,,,,,,,,,,,,,,,,,,,,,,,,,,,,,,
땅을기는날개,,988,벌레,격투,,,4102,261,193,198,,,-Shadow,일반,,,,,,,,,,,,,,,,,,,,,,,,,,,,,,,,,,,,,,,,,,,,
때때무노,,852,격투,,,,1286,121,103,137,,,-Shadow,일반,,,,,,,,,,,,,,,,,,,,,,,,,,,,,,,,,,,,,,,,,,,,
떨구새,,962,비행,악,,,2812,198,172,172,,,-Shadow,일반,,,,,,,,,,,,,,,,,,,,,,,,,,,,,,,,,,,,,,,,,,,,
또가스,Koffing,109,독,,,,1373,119,141,120,,,-Shadow,일반,,,,,,,,,,,,,,,,,,,,,,,,,,,,,,,,,,,,,,,,,,,,
또도가스,Weezing,110,독,,,,2592,174,197,163,,,-Shadow,일반,,,,,,,,,,,,,,,,,,,,,,,,,,,,,,,,,,,,,,,,,,,,
또도가스(가라르),,110,독,페어리,,,2592,174,197,163,-Galarian,.fGALARIAN,_Shadow,가라르 리전폼,,,,,,,,,,,,,,,,,,,,,,,,,,,,,,,,,,,,,,,,,,,,
또르박쥐,Woobat,527,에스퍼,비행,,,1149,107,85,163,,,-Shadow,일반,,,,,,,,,,,,,,,,,,,,,,,,,,,,,,,,,,,,,,,,,,,,
뚜꾸리,Tepig,498,불꽃,,,,1224,115,85,163,,,-Shadow,일반,,,,,,,,,,,,,,,,,,,,,,,,,,,,,,,,,,,,,,,,,,,,
뚜벅쵸,Oddish,43,풀,독,,,1389,131,112,128,,,-Shadow,일반,,,,,,,,,,,,,,,,,,,,,,,,,,,,,,,,,,,,,,,,,,,,
뜨아거,,909,불꽃,,,,1274,112,96,167,,,-Shadow,일반,,,,,,,,,,,,,,,,,,,,,,,,,,,,,,,,,,,,,,,,,,,,
라란티스,,754,풀,,,,2711,192,169,172,,,-Shadow,일반,,,,,,,,,,,,,,,,,,,,,,,,,,,,,,,,,,,,,,,,,,,,
라우드본,,911,불꽃,고스트,,,3422,207,178,232,,,-Shadow,일반,,,,,,,,,,,,,,,,,,,,,,,,,,,,,,,,,,,,,,,,,,,,
라이츄,Raichu,26,전기,,,,2467,193,151,155,,,-Shadow,일반,,,,,,,,,,,,,,,,,,,,,,,,,,,,,,,,,,,,,,,,,,,,
라이츄(알로라),,26,전기,에스퍼,,,2585,201,154,155,-Alola,.fALOLA,_Shadow,알로라 리전폼,,,,,,,,,,,,,,,,,,,,,,,,,,,,,,,,,,,,,,,,,,,,
라이코,Raikou,243,전기,,,,3902,241,195,207,,,-Shadow,일반,,,,,,,,,,,,,,,,,,,,,,,,,,,,,,,,,,,,,,,,,,,,
라티아스,Latias,380,드래곤,에스퍼,,,3968,228,246,190,,,-Shadow,일반,,,,,,,,,,,,,,,,,,,,,,,,,,,,,,,,,,,,,,,,,,,,
라티오스,Latios,381,드래곤,에스퍼,,,4310,268,212,190,,,-Shadow,일반,,,,,,,,,,,,,,,,,,,,,,,,,,,,,,,,,,,,,,,,,,,,
라프라스,Lapras,131,물,얼음,,,2985,165,174,277,,,-Shadow,일반,,,,,,,,,,,,,,,,,,,,,,,,,,,,,,,,,,,,,,,,,,,,
라플레시아,Vileplume,45,풀,독,,,2893,202,167,181,,,-Shadow,일반,,,,,,,,,,,,,,,,,,,,,,,,,,,,,,,,,,,,,,,,,,,,
란쿨루스,Reuniclus,579,에스퍼,,,,3309,214,148,242,,,-Shadow,일반,,,,,,,,,,,,,,,,,,,,,,,,,,,,,,,,,,,,,,,,,,,,
랄토스,Ralts,280,에스퍼,페어리,,,609,79,59,99,,,-Shadow,일반,,,,,,,,,,,,,,,,,,,,,,,,,,,,,,,,,,,,,,,,,,,,
랑딸랑,Chingling,433,에스퍼,,,,1137,114,94,128,,,-Shadow,일반,,,,,,,,,,,,,,,,,,,,,,,,,,,,,,,,,,,,,,,,,,,,
래비풋,,814,불꽃,,,,2062,170,125,163,,,-Shadow,일반,,,,,,,,,,,,,,,,,,,,,,,,,,,,,,,,,,,,,,,,,,,,
랜드로스(영물폼),,645,땅,비행,,,4434,289,179,205,-Therian,.fTHERIAN,_Shadow,기타,,,,,,,,,,,,,,,,,,,,,,,,,,,,,,,,,,,,,,,,,,,,
랜드로스(화신폼),,645,땅,비행,,,4057,261,182,205,-Incarnate,.fINCARNATE,_Shadow,기타,,,,,,,,,,,,,,,,,,,,,,,,,,,,,,,,,,,,,,,,,,,,
랜턴,Lanturn,171,물,전기,,,2357,146,137,268,,,-Shadow,일반,,,,,,,,,,,,,,,,,,,,,,,,,,,,,,,,,,,,,,,,,,,,
램펄드,Rampardos,409,바위,,,,3728,295,109,219,,,-Shadow,일반,,,,,,,,,,,,,,,,,,,,,,,,,,,,,,,,,,,,,,,,,,,,
램프라,Lampent,608,고스트,불꽃,,,1931,169,115,155,,,-Shadow,일반,,,,,,,,,,,,,,,,,,,,,,,,,,,,,,,,,,,,,,,,,,,,
러브로스(영물폼),,905,페어리,비행,,,3830,250,201,179,-Therian,.fTHERIAN,_Shadow,기타,,,,,,,,,,,,,,,,,,,,,,,,,,,,,,,,,,,,,,,,,,,,
러브로스(화신폼),,905,페어리,비행,,,3873,281,162,179,-Incarnate,.fINCARNATE,_Shadow,기타,,,,,,,,,,,,,,,,,,,,,,,,,,,,,,,,,,,,,,,,,,,,
럭시오,Luxio,404,전기,,,,1680,159,95,155,,,-Shadow,일반,,,,,,,,,,,,,,,,,,,,,,,,,,,,,,,,,,,,,,,,,,,,
럭키,Chansey,113,노말,,,,1418,60,128,487,,,-Shadow,일반,,,,,,,,,,,,,,,,,,,,,,,,,,,,,,,,,,,,,,,,,,,,
레돔벌레,,825,벌레,에스퍼,,,1164,87,157,137,,,-Shadow,일반,,,,,,,,,,,,,,,,,,,,,,,,,,,,,,,,,,,,,,,,,,,,
레디바,Ledyba,165,벌레,비행,,,823,72,118,120,,,-Shadow,일반,,,,,,,,,,,,,,,,,,,,,,,,,,,,,,,,,,,,,,,,,,,,
레디안,Ledian,166,벌레,비행,,,1522,107,179,146,,,-Shadow,일반,,,,,,,,,,,,,,,,,,,,,,,,,,,,,,,,,,,,,,,,,,,,
레시라무,Reshiram,643,드래곤,불꽃,,,4565,275,211,205,,,-Shadow,일반,,,,,,,,,,,,,,,,,,,,,,,,,,,,,,,,,,,,,,,,,,,,
레어코일,Magneton,82,전기,강철,,,2810,223,169,137,,,-Shadow,일반,,,,,,,,,,,,,,,,,,,,,,,,,,,,,,,,,,,,,,,,,,,,
레오꼬,Litleo,667,불꽃,노말,,,1611,139,112,158,,,-Shadow,일반,,,,,,,,,,,,,,,,,,,,,,,,,,,,,,,,,,,,,,,,,,,,
레이스포스,,897,고스트,,,,3827,273,146,205,,,-Shadow,일반,,,,,,,,,,,,,,,,,,,,,,,,,,,,,,,,,,,,,,,,,,,,
레지기가스,Regigigas,486,노말,,,,4913,287,210,221,,,-Shadow,일반,,,,,,,,,,,,,,,,,,,,,,,,,,,,,,,,,,,,,,,,,,,,
레지드래고,,895,드래곤,,,,3361,202,101,400,,,-Shadow,일반,,,,,,,,,,,,,,,,,,,,,,,,,,,,,,,,,,,,,,,,,,,,
레지락,Regirock,377,바위,,,,3530,179,309,190,,,-Shadow,일반,,,,,,,,,,,,,,,,,,,,,,,,,,,,,,,,,,,,,,,,,,,,
레지스틸,Registeel,379,강철,,,,2766,143,285,190,,,-Shadow,일반,,,,,,,,,,,,,,,,,,,,,,,,,,,,,,,,,,,,,,,,,,,,
레지아이스,Regice,378,얼음,,,,3530,179,309,190,,,-Shadow,일반,,,,,,,,,,,,,,,,,,,,,,,,,,,,,,,,,,,,,,,,,,,,
레지에레키,,894,전기,,,,3169,250,125,190,,,-Shadow,일반,,,,,,,,,,,,,,,,,,,,,,,,,,,,,,,,,,,,,,,,,,,,
레쿠쟈,Rayquaza,384,드래곤,비행,,,4336,284,170,213,,,-Shadow,일반,,,,,,,,,,,,,,,,,,,,,,,,,,,,,,,,,,,,,,,,,,,,
레트라,Raticate,20,노말,,,,1956,161,139,146,,,-Shadow,일반,,,,,,,,,,,,,,,,,,,,,,,,,,,,,,,,,,,,,,,,,,,,
레트라(알로라),,20,악,노말,,,1927,135,154,181,-Alola,.fALOLA,_Shadow,알로라 리전폼,,,,,,,,,,,,,,,,,,,,,,,,,,,,,,,,,,,,,,,,,,,,
레파르다스,Liepard,510,악,,,,2087,187,106,162,,,-Shadow,일반,,,,,,,,,,,,,,,,,,,,,,,,,,,,,,,,,,,,,,,,,,,,
렌트라,Luxray,405,전기,,,,3265,232,156,190,,,-Shadow,일반,,,,,,,,,,,,,,,,,,,,,,,,,,,,,,,,,,,,,,,,,,,,
로젤리아,Roselia,315,풀,독,,,2114,186,131,137,,,-Shadow,일반,,,,,,,,,,,,,,,,,,,,,,,,,,,,,,,,,,,,,,,,,,,,
로즈레이드,Roserade,407,풀,독,,,3359,243,185,155,,,-Shadow,일반,,,,,,,,,,,,,,,,,,,,,,,,,,,,,,,,,,,,,,,,,,,,
로토무(노말),Rotom,479,전기,고스트,,,2296,185,159,137,,,-Shadow,일반,,,,,,,,,,,,,,,,,,,,,,,,,,,,,,,,,,,,,,,,,,,,
로토무(스핀),,479,전기,비행,,,2916,204,219,137,-Fan,.fFAN,_Shadow,기타,,,,,,,,,,,,,,,,,,,,,,,,,,,,,,,,,,,,,,,,,,,,
로토무(워시),,479,전기,물,,,2916,204,219,137,-Wash,.fWASH,_Shadow,기타,,,,,,,,,,,,,,,,,,,,,,,,,,,,,,,,,,,,,,,,,,,,
로토무(커트),,479,전기,풀,,,2916,204,219,137,-Mow,.fMOW,_Shadow,기타,,,,,,,,,,,,,,,,,,,,,,,,,,,,,,,,,,,,,,,,,,,,
로토무(프로스트),,479,전기,얼음,,,2916,204,219,137,-Frost,.fFROST,_Shadow,기타,,,,,,,,,,,,,,,,,,,,,,,,,,,,,,,,,,,,,,,,,,,,
로토무(히트),,479,전기,불꽃,,,2916,204,219,137,-Heat,.fHEAT,_Shadow,기타,,,,,,,,,,,,,,,,,,,,,,,,,,,,,,,,,,,,,,,,,,,,
로토스,Lombre,271,물,풀,,,1353,112,119,155,,,-Shadow,일반,,,,,,,,,,,,,,,,,,,,,,,,,,,,,,,,,,,,,,,,,,,,
로파파,Ludicolo,272,물,풀,,,2626,173,176,190,,,-Shadow,일반,,,,,,,,,,,,,,,,,,,,,,,,,,,,,,,,,,,,,,,,,,,,
롱스톤,Onix,95,바위,땅,,,1245,85,232,111,,,-Shadow,일반,,,,,,,,,,,,,,,,,,,,,,,,,,,,,,,,,,,,,,,,,,,,
루가루암(한낮),,745,바위,,,,3027,231,140,181,-Midday,.fMIDDAY,_Shadow,기타,,,,,,,,,,,,,,,,,,,,,,,,,,,,,,,,,,,,,,,,,,,,
루가루암(한밤),,745,바위,,,,3102,218,152,198,-Midnight,.fMIDNIGHT,_Shadow,기타,,,,,,,,,,,,,,,,,,,,,,,,,,,,,,,,,,,,,,,,,,,,
루가루암(황혼),,745,바위,,,,3054,234,139,181,-Dusk,.fDUSK,_Shadow,기타,,,,,,,,,,,,,,,,,,,,,,,,,,,,,,,,,,,,,,,,,,,,
루기아,Lugia,249,에스퍼,비행,,,4186,193,310,235,,,-Shadow,일반,,,,,,,,,,,,,,,,,,,,,,,,,,,,,,,,,,,,,,,,,,,,
루나아라,,792,에스퍼,고스트,,,4570,255,191,264,,,-Shadow,일반,,,,,,,,,,,,,,,,,,,,,,,,,,,,,,,,,,,,,,,,,,,,
루나톤,Lunatone,337,바위,에스퍼,,,2631,178,153,207,,,-Shadow,일반,,,,,,,,,,,,,,,,,,,,,,,,,,,,,,,,,,,,,,,,,,,,
루리리,Azurill,298,노말,페어리,,,411,36,71,137,,,-Shadow,일반,,,,,,,,,,,,,,,,,,,,,,,,,,,,,,,,,,,,,,,,,,,,
루브도,Smeargle,235,노말,,,,487,40,83,146,,,-Shadow,일반,,,,,,,,,,,,,,,,,,,,,,,,,,,,,,,,,,,,,,,,,,,,
루주라,Jynx,124,얼음,에스퍼,,,2888,223,151,163,,,-Shadow,일반,,,,,,,,,,,,,,,,,,,,,,,,,,,,,,,,,,,,,,,,,,,,
루차불,Hawlucha,701,격투,비행,,,2724,195,153,186,,,-Shadow,일반,,,,,,,,,,,,,,,,,,,,,,,,,,,,,,,,,,,,,,,,,,,,
루카리오,Lucario,448,격투,강철,,,3056,236,144,172,,,-Shadow,일반,,,,,,,,,,,,,,,,,,,,,,,,,,,,,,,,,,,,,,,,,,,,
리그레,Elgyem,605,에스퍼,,,,1566,148,100,146,,,-Shadow,일반,,,,,,,,,,,,,,,,,,,,,,,,,,,,,,,,,,,,,,,,,,,,
리아코,Totodile,158,물,,,,1279,117,109,137,,,-Shadow,일반,,,,,,,,,,,,,,,,,,,,,,,,,,,,,,,,,,,,,,,,,,,,
리오르,Riolu,447,격투,,,,1123,127,78,120,,,-Shadow,일반,,,,,,,,,,,,,,,,,,,,,,,,,,,,,,,,,,,,,,,,,,,,
리자드,Charmeleon,5,불꽃,,,,1868,158,126,151,,,-Shadow,일반,,,,,,,,,,,,,,,,,,,,,,,,,,,,,,,,,,,,,,,,,,,,
리자몽,Charizard,6,불꽃,비행,,,3266,223,173,186,,,-Shadow,일반,,,,,,,,,,,,,,,,,,,,,,,,,,,,,,,,,,,,,,,,,,,,
리피아,Leafeon,470,풀,,,,3328,216,219,163,,,-Shadow,일반,,,,,,,,,,,,,,,,,,,,,,,,,,,,,,,,,,,,,,,,,,,,
릴리요,Cradily,346,바위,풀,,,2499,152,194,200,,,-Shadow,일반,,,,,,,,,,,,,,,,,,,,,,,,,,,,,,,,,,,,,,,,,,,,
릴링,Lileep,345,바위,풀,,,1460,105,150,165,,,-Shadow,일반,,,,,,,,,,,,,,,,,,,,,,,,,,,,,,,,,,,,,,,,,,,,
링곰,Ursaring,217,노말,,,,3329,236,144,207,,,-Shadow,일반,,,,,,,,,,,,,,,,,,,,,,,,,,,,,,,,,,,,,,,,,,,,
마그마,Magmar,126,불꽃,,,,2706,206,154,163,,,-Shadow,일반,,,,,,,,,,,,,,,,,,,,,,,,,,,,,,,,,,,,,,,,,,,,
마그마그,Slugma,218,불꽃,,,,1011,118,71,120,,,-Shadow,일반,,,,,,,,,,,,,,,,,,,,,,,,,,,,,,,,,,,,,,,,,,,,
마그마번,Magmortar,467,불꽃,,,,3541,247,172,181,,,-Shadow,일반,,,,,,,,,,,,,,,,,,,,,,,,,,,,,,,,,,,,,,,,,,,,
마그비,Magby,240,불꽃,,,,1496,151,99,128,,,-Shadow,일반,,,,,,,,,,,,,,,,,,,,,,,,,,,,,,,,,,,,,,,,,,,,
마그카르고,Magcargo,219,불꽃,바위,,,1924,139,191,137,,,-Shadow,일반,,,,,,,,,,,,,,,,,,,,,,,,,,,,,,,,,,,,,,,,,,,,
마그케인,Quilava,156,불꽃,,,,1868,158,126,151,,,-Shadow,일반,,,,,,,,,,,,,,,,,,,,,,,,,,,,,,,,,,,,,,,,,,,,
마기라스,Tyranitar,248,바위,악,,,4335,251,207,225,,,-Shadow,일반,,,,,,,,,,,,,,,,,,,,,,,,,,,,,,,,,,,,,,,,,,,,
마기아나,,801,강철,페어리,,,4087,246,225,190,,,-Shadow,일반,,,,,,,,,,,,,,,,,,,,,,,,,,,,,,,,,,,,,,,,,,,,
마나피,Manaphy,490,물,,,,3691,210,210,225,,,-Shadow,일반,,,,,,,,,,,,,,,,,,,,,,,,,,,,,,,,,,,,,,,,,,,,
마디네,Venipede,543,벌레,독,,,799,83,99,102,,,-Shadow,일반,,,,,,,,,,,,,,,,,,,,,,,,,,,,,,,,,,,,,,,,,,,,
마라카치,Maractus,556,풀,,,,2571,201,130,181,,,-Shadow,일반,,,,,,,,,,,,,,,,,,,,,,,,,,,,,,,,,,,,,,,,,,,,
마릴,Marill,183,물,페어리,,,521,37,93,172,,,-Shadow,일반,,,,,,,,,,,,,,,,,,,,,,,,,,,,,,,,,,,,,,,,,,,,
마릴리,Azumarill,184,물,페어리,,,1795,112,152,225,,,-Shadow,일반,,,,,,,,,,,,,,,,,,,,,,,,,,,,,,,,,,,,,,,,,,,,
마빌크,,868,페어리,,,,938,90,97,128,,,-Shadow,일반,,,,,,,,,,,,,,,,,,,,,,,,,,,,,,,,,,,,,,,,,,,,
마샤도,,802,격투,고스트,,,4217,265,190,207,,,-Shadow,일반,,,,,,,,,,,,,,,,,,,,,,,,,,,,,,,,,,,,,,,,,,,,
마셰이드,,756,풀,페어리,,,2104,154,168,155,,,-Shadow,일반,,,,,,,,,,,,,,,,,,,,,,,,,,,,,,,,,,,,,,,,,,,,
마스카나,,908,풀,악,,,3193,233,153,183,,,-Shadow,일반,,,,,,,,,,,,,,,,,,,,,,,,,,,,,,,,,,,,,,,,,,,,
마이농,Minun,312,전기,,,,1915,147,150,155,,,-Shadow,일반,,,,,,,,,,,,,,,,,,,,,,,,,,,,,,,,,,,,,,,,,,,,
마임꽁꽁,,866,얼음,에스퍼,,,3196,212,179,190,,,-Shadow,일반,,,,,,,,,,,,,,,,,,,,,,,,,,,,,,,,,,,,,,,,,,,,
마임맨,Mr. Mime,122,에스퍼,페어리,,,2518,192,205,120,,,-Shadow,일반,,,,,,,,,,,,,,,,,,,,,,,,,,,,,,,,,,,,,,,,,,,,
마임맨(가라르),,122,얼음,에스퍼,,,2338,183,169,137,-Galarian,.fGALARIAN,_Shadow,가라르 리전폼,,,,,,,,,,,,,,,,,,,,,,,,,,,,,,,,,,,,,,,,,,,,
마자,Wynaut,360,에스퍼,,,,603,41,86,216,,,-Shadow,일반,,,,,,,,,,,,,,,,,,,,,,,,,,,,,,,,,,,,,,,,,,,,
마자용,Wobbuffet,202,에스퍼,,,,1160,60,106,382,,,-Shadow,일반,,,,,,,,,,,,,,,,,,,,,,,,,,,,,,,,,,,,,,,,,,,,
마크탕,Makuhita,296,격투,,,,924,99,54,176,,,-Shadow,일반,,,,,,,,,,,,,,,,,,,,,,,,,,,,,,,,,,,,,,,,,,,,
마폭시,Delphox,655,불꽃,에스퍼,,,3459,230,189,181,,,-Shadow,일반,,,,,,,,,,,,,,,,,,,,,,,,,,,,,,,,,,,,,,,,,,,,
마피티프,,943,악,,,,3350,230,168,190,,,-Shadow,일반,,,,,,,,,,,,,,,,,,,,,,,,,,,,,,,,,,,,,,,,,,,,
마휘핑,,869,페어리,,,,3032,203,203,163,,,-Shadow,일반,,,,,,,,,,,,,,,,,,,,,,,,,,,,,,,,,,,,,,,,,,,,
만마드,,750,땅,,,,3443,214,174,225,,,-Shadow,일반,,,,,,,,,,,,,,,,,,,,,,,,,,,,,,,,,,,,,,,,,,,,
만타인,Mantine,226,물,비행,,,2383,148,226,163,,,-Shadow,일반,,,,,,,,,,,,,,,,,,,,,,,,,,,,,,,,,,,,,,,,,,,,
맘모꾸리,Mamoswine,473,얼음,땅,,,3763,247,146,242,,,-Shadow,일반,,,,,,,,,,,,,,,,,,,,,,,,,,,,,,,,,,,,,,,,,,,,
맘박쥐,Swoobat,528,에스퍼,비행,,,1940,161,119,167,,,-Shadow,일반,,,,,,,,,,,,,,,,,,,,,,,,,,,,,,,,,,,,,,,,,,,,
맘복치,Alomomola,594,물,,,,2452,138,131,338,,,-Shadow,일반,,,,,,,,,,,,,,,,,,,,,,,,,,,,,,,,,,,,,,,,,,,,
맛보돈,,915,노말,,,,828,81,79,144,,,-Shadow,일반,,,,,,,,,,,,,,,,,,,,,,,,,,,,,,,,,,,,,,,,,,,,
망나뇽,Dragonite,149,드래곤,비행,,,4287,263,198,209,,,-Shadow,일반,,,,,,,,,,,,,,,,,,,,,,,,,,,,,,,,,,,,,,,,,,,,
망망이,,971,고스트,,,,1149,105,106,137,,,-Shadow,일반,,,,,,,,,,,,,,,,,,,,,,,,,,,,,,,,,,,,,,,,,,,,
망키,Mankey,56,격투,,,,1317,148,82,120,,,-Shadow,일반,,,,,,,,,,,,,,,,,,,,,,,,,,,,,,,,,,,,,,,,,,,,
매시붕,,794,벌레,격투,,,3912,236,196,216,,,-Shadow,일반,,,,,,,,,,,,,,,,,,,,,,,,,,,,,,,,,,,,,,,,,,,,
맨돌핀,,963,물,,,,988,90,80,172,,,-Shadow,일반,,,,,,,,,,,,,,,,,,,,,,,,,,,,,,,,,,,,,,,,,,,,
머드나기,,749,땅,,,,2139,175,121,172,,,-Shadow,일반,,,,,,,,,,,,,,,,,,,,,,,,,,,,,,,,,,,,,,,,,,,,
먹고자,Munchlax,446,노말,,,,2139,137,117,286,,,-Shadow,일반,,,,,,,,,,,,,,,,,,,,,,,,,,,,,,,,,,,,,,,,,,,,
멍파치,,835,전기,,,,890,80,90,153,,,-Shadow,일반,,,,,,,,,,,,,,,,,,,,,,,,,,,,,,,,,,,,,,,,,,,,
메가니움,Meganium,154,풀,,,,2725,168,202,190,,,-Shadow,일반,,,,,,,,,,,,,,,,,,,,,,,,,,,,,,,,,,,,,,,,,,,,
메가자리,Yanmega,469,벌레,비행,,,3330,231,156,200,,,-Shadow,일반,,,,,,,,,,,,,,,,,,,,,,,,,,,,,,,,,,,,,,,,,,,,
메깅,Whiscash,340,물,땅,,,2346,151,141,242,,,-Shadow,일반,,,,,,,,,,,,,,,,,,,,,,,,,,,,,,,,,,,,,,,,,,,,
메꾸리,Piloswine,221,얼음,땅,,,2652,181,138,225,,,-Shadow,일반,,,,,,,,,,,,,,,,,,,,,,,,,,,,,,,,,,,,,,,,,,,,
메더,Stunfisk,618,땅,전기,,,2445,144,171,240,,,-Shadow,일반,,,,,,,,,,,,,,,,,,,,,,,,,,,,,,,,,,,,,,,,,,,,
메더(가라르),,618,땅,강철,,,2445,144,171,240,-Galarian,.fGALARIAN,_Shadow,가라르 리전폼,,,,,,,,,,,,,,,,,,,,,,,,,,,,,,,,,,,,,,,,,,,,
메로엣타(보이스폼),Meloetta,648,노말,에스퍼,,,4490,250,225,225,,.fARIA,-Shadow,기타,,,,,,,,,,,,,,,,,,,,,,,,,,,,,,,,,,,,,,,,,,,,
메로엣타(스텝폼),,648,노말,격투,,,4426,269,188,225,,.fPIROUETTE,,,,,,,,,,,,,,,,,,,,,,,,,,,,,,,,,,,,,,,,,,,,,,
메롱꿍,,859,악,페어리,,,913,103,69,128,,,-Shadow,일반,,,,,,,,,,,,,,,,,,,,,,,,,,,,,,,,,,,,,,,,,,,,
메리프,Mareep,179,전기,,,,1120,114,79,146,,,-Shadow,일반,,,,,,,,,,,,,,,,,,,,,,,,,,,,,,,,,,,,,,,,,,,,
메이클,Skiddo,672,풀,,,,1414,123,102,165,,,-Shadow,일반,,,,,,,,,,,,,,,,,,,,,,,,,,,,,,,,,,,,,,,,,,,,
메타그로스,Metagross,376,강철,에스퍼,,,4286,257,228,190,,,-Shadow,일반,,,,,,,,,,,,,,,,,,,,,,,,,,,,,,,,,,,,,,,,,,,,
메타몽,Ditto,132,노말,,,,940,91,91,134,,,-Shadow,일반,,,,,,,,,,,,,,,,,,,,,,,,,,,,,,,,,,,,,,,,,,,,
메탕,Beldum,374,강철,에스퍼,,,1104,96,132,120,,,-Shadow,일반,,,,,,,,,,,,,,,,,,,,,,,,,,,,,,,,,,,,,,,,,,,,
메탕구,Metang,375,강철,에스퍼,,,1946,138,176,155,,,-Shadow,일반,,,,,,,,,,,,,,,,,,,,,,,,,,,,,,,,,,,,,,,,,,,,
메테노(유성),,774,바위,비행,,,1743,116,194,155,,,-Shadow,일반,,,,,,,,,,,,,,,,,,,,,,,,,,,,,,,,,,,,,,,,,,,,
메테노(코어),,774,바위,비행,,,2591,218,131,155,,,,,,,,,,,,,,,,,,,,,,,,,,,,,,,,,,,,,,,,,,,,,,,,
멜리시,Carbink,703,바위,페어리,,,1658,95,285,137,,,-Shadow,일반,,,,,,,,,,,,,,,,,,,,,,,,,,,,,,,,,,,,,,,,,,,,
멜메탈,,809,강철,,,,4069,226,190,264,,,-Shadow,일반,,,,,,,,,,,,,,,,,,,,,,,,,,,,,,,,,,,,,,,,,,,,
멜탄,,808,강철,,,,1207,118,99,130,,,-Shadow,일반,,,,,,,,,,,,,,,,,,,,,,,,,,,,,,,,,,,,,,,,,,,,
모노두,Deino,633,악,드래곤,,,1200,116,93,141,,,-Shadow,일반,,,,,,,,,,,,,,,,,,,,,,,,,,,,,,,,,,,,,,,,,,,,
모다피,Bellsprout,69,풀,독,,,1168,139,61,137,,,-Shadow,일반,,,,,,,,,,,,,,,,,,,,,,,,,,,,,,,,,,,,,,,,,,,,
모단단게,,740,격투,얼음,,,3286,231,138,219,,,-Shadow,일반,,,,,,,,,,,,,,,,,,,,,,,,,,,,,,,,,,,,,,,,,,,,
모래꿍,,769,고스트,땅,,,1394,120,118,146,,,-Shadow,일반,,,,,,,,,,,,,,,,,,,,,,,,,,,,,,,,,,,,,,,,,,,,
모래두지,Sandshrew,27,땅,,,,1426,126,120,137,,,-Shadow,일반,,,,,,,,,,,,,,,,,,,,,,,,,,,,,,,,,,,,,,,,,,,,
모래두지(알로라),,27,얼음,강철,,,1462,125,129,137,-Alola,.fALOLA,_Shadow,알로라 리전폼,,,,,,,,,,,,,,,,,,,,,,,,,,,,,,,,,,,,,,,,,,,,
모래뱀,,843,땅,,,,1222,103,123,141,,,-Shadow,일반,,,,,,,,,,,,,,,,,,,,,,,,,,,,,,,,,,,,,,,,,,,,
모래성이당,,770,고스트,땅,,,2763,178,178,198,,,-Shadow,일반,,,,,,,,,,,,,,,,,,,,,,,,,,,,,,,,,,,,,,,,,,,,
모래털가죽,,989,전기,땅,,,3867,244,195,198,,,-Shadow,일반,,,,,,,,,,,,,,,,,,,,,,,,,,,,,,,,,,,,,,,,,,,,
모르페코(배고픈 모양),,877,전기,악,,,2196,192,121,151,,.fHANGRY,-Shadow,기타,,,,,,,,,,,,,,,,,,,,,,,,,,,,,,,,,,,,,,,,,,,,
모르페코(배부른 모양),,877,전기,악,,,2196,192,121,151,,.fFULL_BELLY,-Shadow,기타,,,,,,,,,,,,,,,,,,,,,,,,,,,,,,,,,,,,,,,,,,,,
모부기,Turtwig,387,풀,,,,1342,119,110,146,,,-Shadow,일반,,,,,,,,,,,,,,,,,,,,,,,,,,,,,,,,,,,,,,,,,,,,
모스노우,,873,얼음,벌레,,,3084,230,155,172,,,-Shadow,일반,,,,,,,,,,,,,,,,,,,,,,,,,,,,,,,,,,,,,,,,,,,,
모아머,Leavanny,542,벌레,풀,,,2917,205,165,181,,,-Shadow,일반,,,,,,,,,,,,,,,,,,,,,,,,,,,,,,,,,,,,,,,,,,,,
모으령(도보폼),,999,고스트,,,,1248,140,76,128,-Roaming,,_Shadow,일반,,,,,,,,,,,,,,,,,,,,,,,,,,,,,,,,,,,,,,,,,,,,
모으령(상자폼),,999,고스트,,,,1248,140,76,128,-Chest,,_Shadow,일반,,,,,,,,,,,,,,,,,,,,,,,,,,,,,,,,,,,,,,,,,,,,
모크나이퍼,,724,풀,고스트,,,3137,210,179,186,,,-Shadow,일반,,,,,,,,,,,,,,,,,,,,,,,,,,,,,,,,,,,,,,,,,,,,
모크나이퍼(히스이),,724,풀,격투,,,3275,213,174,204,-Hisuian,.fHISUIAN,_Shadow,히스이 리전폼,,,,,,,,,,,,,,,,,,,,,,,,,,,,,,,,,,,,,,,,,,,,
모토마,,967,드래곤,노말,,,2661,205,142,172,,,-Shadow,일반,,,,,,,,,,,,,,,,,,,,,,,,,,,,,,,,,,,,,,,,,,,,
목도리키텔,Helioptile,694,전기,노말,,,1054,115,78,127,,,-Shadow,일반,,,,,,,,,,,,,,,,,,,,,,,,,,,,,,,,,,,,,,,,,,,,
몬냥이,Purugly,432,노말,,,,2208,172,133,174,,,-Shadow,일반,,,,,,,,,,,,,,,,,,,,,,,,,,,,,,,,,,,,,,,,,,,,
몰드류,Excadrill,530,땅,강철,,,3667,255,129,242,,,-Shadow,일반,,,,,,,,,,,,,,,,,,,,,,,,,,,,,,,,,,,,,,,,,,,,
몸지브림,,856,에스퍼,,,,974,98,93,123,,,-Shadow,일반,,,,,,,,,,,,,,,,,,,,,,,,,,,,,,,,,,,,,,,,,,,,
몽나,Munna,517,에스퍼,,,,1294,111,92,183,,,-Shadow,일반,,,,,,,,,,,,,,,,,,,,,,,,,,,,,,,,,,,,,,,,,,,,
몽얌나,Musharna,518,에스퍼,,,,3079,183,166,253,,,-Shadow,일반,,,,,,,,,,,,,,,,,,,,,,,,,,,,,,,,,,,,,,,,,,,,
묘두기,,972,고스트,,,,2842,186,195,176,,,-Shadow,일반,,,,,,,,,,,,,,,,,,,,,,,,,,,,,,,,,,,,,,,,,,,,
무쇠가시,,995,바위,전기,,,4250,250,200,225,,,-Shadow,일반,,,,,,,,,,,,,,,,,,,,,,,,,,,,,,,,,,,,,,,,,,,,
무쇠감투,,1023,강철,에스퍼,,,15,,,,,,-Shadow,일반,,,,,,,,,,,,,,,,,,,,,,,,,,,,,,,,,,,,,,,,,,,,
무쇠독나방,,994,불꽃,독,,,4346,281,196,190,,,-Shadow,일반,,,,,,,,,,,,,,,,,,,,,,,,,,,,,,,,,,,,,,,,,,,,
무쇠머리,,993,악,비행,,,3929,249,179,214,,,-Shadow,일반,,,,,,,,,,,,,,,,,,,,,,,,,,,,,,,,,,,,,,,,,,,,
무쇠무인,,1006,페어리,격투,,,3943,279,171,179,,,-Shadow,일반,,,,,,,,,,,,,,,,,,,,,,,,,,,,,,,,,,,,,,,,,,,,
무쇠바퀴,,990,땅,강철,,,3869,227,216,207,,,-Shadow,일반,,,,,,,,,,,,,,,,,,,,,,,,,,,,,,,,,,,,,,,,,,,,
무쇠보따리,,991,얼음,물,,,3808,266,211,148,,,-Shadow,일반,,,,,,,,,,,,,,,,,,,,,,,,,,,,,,,,,,,,,,,,,,,,
무쇠손,,992,격투,전기,,,4649,245,177,319,,,-Shadow,일반,,,,,,,,,,,,,,,,,,,,,,,,,,,,,,,,,,,,,,,,,,,,
무쇠암석,,1022,바위,에스퍼,,,15,,,,,,-Shadow,일반,,,,,,,,,,,,,,,,,,,,,,,,,,,,,,,,,,,,,,,,,,,,
무쇠잎새,,1010,풀,에스퍼,,,15,,,,,,-Shadow,일반,,,,,,,,,,,,,,,,,,,,,,,,,,,,,,,,,,,,,,,,,,,,
무스틈니,Carnivine,455,풀,,,,2441,187,136,179,,,-Shadow,일반,,,,,,,,,,,,,,,,,,,,,,,,,,,,,,,,,,,,,,,,,,,,
무우마,Misdreavus,200,고스트,,,,2178,167,154,155,,,-Shadow,일반,,,,,,,,,,,,,,,,,,,,,,,,,,,,,,,,,,,,,,,,,,,,
무우마직,Mismagius,429,고스트,,,,2957,211,187,155,,,-Shadow,일반,,,,,,,,,,,,,,,,,,,,,,,,,,,,,,,,,,,,,,,,,,,,
무장조,Skarmory,227,강철,비행,,,2383,148,226,163,,,-Shadow,일반,,,,,,,,,,,,,,,,,,,,,,,,,,,,,,,,,,,,,,,,,,,,
무한다이노,,890,독,드래곤,,,5007,278,192,268,,,-Shadow,일반,,,,,,,,,,,,,,,,,,,,,,,,,,,,,,,,,,,,,,,,,,,,
물거미,,751,물,벌레,,,807,72,117,116,,,-Shadow,일반,,,,,,,,,,,,,,,,,,,,,,,,,,,,,,,,,,,,,,,,,,,,
물짱이,Mudkip,258,물,,,,1275,126,93,137,,,-Shadow,일반,,,,,,,,,,,,,,,,,,,,,,,,,,,,,,,,,,,,,,,,,,,,
뮤,Mew,151,에스퍼,,,,3691,210,210,225,,,-Shadow,일반,,,,,,,,,,,,,,,,,,,,,,,,,,,,,,,,,,,,,,,,,,,,
뮤츠,Mewtwo,150,에스퍼,,,,4724,300,182,214,,,-Shadow,일반,,,,,,,,,,,,,,,,,,,,,,,,,,,,,,,,,,,,,,,,,,,,
뮤츠(아머드),,150,에스퍼,,,,3603,182,278,214,-Armored,.fA,_Shadow,기타,,,,,,,,,,,,,,,,,,,,,,,,,,,,,,,,,,,,,,,,,,,,
미꾸리,Barboach,339,물,땅,,,925,93,82,137,,,-Shadow,일반,,,,,,,,,,,,,,,,,,,,,,,,,,,,,,,,,,,,,,,,,,,,
미끄네일,,705,드래곤,,,,2303,159,176,169,,,-Shadow,일반,,,,,,,,,,,,,,,,,,,,,,,,,,,,,,,,,,,,,,,,,,,,
미끄네일(히스이),,705,강철,드래곤,,,2188,153,190,151,-Hisuian,.fHISUIAN,_Shadow,히스이 리전폼,,,,,,,,,,,,,,,,,,,,,,,,,,,,,,,,,,,,,,,,,,,,
미끄래곤,,706,드래곤,,,,3963,220,242,207,,,-Shadow,일반,,,,,,,,,,,,,,,,,,,,,,,,,,,,,,,,,,,,,,,,,,,,
미끄래곤(히스이),,706,강철,드래곤,,,3754,211,255,190,-Hisuian,.fHISUIAN,_Shadow,히스이 리전폼,,,,,,,,,,,,,,,,,,,,,,,,,,,,,,,,,,,,,,,,,,,,
미끄메라,Goomy,704,드래곤,,,,1103,101,112,128,,,-Shadow,일반,,,,,,,,,,,,,,,,,,,,,,,,,,,,,,,,,,,,,,,,,,,,
미뇽,Dratini,147,드래곤,,,,1136,119,91,121,,,-Shadow,일반,,,,,,,,,,,,,,,,,,,,,,,,,,,,,,,,,,,,,,,,,,,,
미니브,,928,풀,노말,,,965,100,89,121,,,-Shadow,일반,,,,,,,,,,,,,,,,,,,,,,,,,,,,,,,,,,,,,,,,,,,,
미라몽,Dusclops,356,고스트,,,,1799,124,234,120,,,-Shadow,일반,,,,,,,,,,,,,,,,,,,,,,,,,,,,,,,,,,,,,,,,,,,,
미라이돈,,1008,전기,드래곤,,,4491,263,223,205,,,-Shadow,일반,,,,,,,,,,,,,,,,,,,,,,,,,,,,,,,,,,,,,,,,,,,,
밀로틱,Milotic,350,물,,,,3398,192,219,216,,,-Shadow,일반,,,,,,,,,,,,,,,,,,,,,,,,,,,,,,,,,,,,,,,,,,,,
밀탱크,Miltank,241,노말,,,,2662,157,193,216,,,-Shadow,일반,,,,,,,,,,,,,,,,,,,,,,,,,,,,,,,,,,,,,,,,,,,,
바닐리치,Vanillish,583,얼음,,,,1799,151,138,139,,,-Shadow,일반,,,,,,,,,,,,,,,,,,,,,,,,,,,,,,,,,,,,,,,,,,,,
바닐프티,Vanillite,582,얼음,,,,1168,118,106,113,,,-Shadow,일반,,,,,,,,,,,,,,,,,,,,,,,,,,,,,,,,,,,,,,,,,,,,
바다그다,,960,물,,,,648,109,52,67,,,-Shadow,일반,,,,,,,,,,,,,,,,,,,,,,,,,,,,,,,,,,,,,,,,,,,,
바닥트리오,,961,물,,,,2142,205,136,111,,,-Shadow,일반,,,,,,,,,,,,,,,,,,,,,,,,,,,,,,,,,,,,,,,,,,,,
바라철록,Sawsbuck,586,노말,풀,,,2732,198,146,190,,.fAUTUMN,-Shadow,기타,,,,,,,,,,,,,,,,,,,,,,,,,,,,,,,,,,,,,,,,,,,,
바랜드,Stoutland,508,노말,,,,3196,206,182,198,,,-Shadow,일반,,,,,,,,,,,,,,,,,,,,,,,,,,,,,,,,,,,,,,,,,,,,
바리톱스,Bastiodon,411,바위,강철,,,1741,94,286,155,,,-Shadow,일반,,,,,,,,,,,,,,,,,,,,,,,,,,,,,,,,,,,,,,,,,,,,
바오키,Simisear,514,불꽃,,,,2657,206,133,181,,,-Shadow,일반,,,,,,,,,,,,,,,,,,,,,,,,,,,,,,,,,,,,,,,,,,,,
바오프,Pansear,513,불꽃,,,,1081,104,94,137,,,-Shadow,일반,,,,,,,,,,,,,,,,,,,,,,,,,,,,,,,,,,,,,,,,,,,,
바우첼,,927,페어리,,,,2370,159,212,149,,,-Shadow,일반,,,,,,,,,,,,,,,,,,,,,,,,,,,,,,,,,,,,,,,,,,,,
발바로,Vigoroth,288,노말,,,,2225,159,145,190,,,-Shadow,일반,,,,,,,,,,,,,,,,,,,,,,,,,,,,,,,,,,,,,,,,,,,,
발챙이,Poliwag,60,물,,,,937,101,82,120,,,-Shadow,일반,,,,,,,,,,,,,,,,,,,,,,,,,,,,,,,,,,,,,,,,,,,,
밤선인,Cacturne,332,풀,악,,,2598,221,115,172,,,-Shadow,일반,,,,,,,,,,,,,,,,,,,,,,,,,,,,,,,,,,,,,,,,,,,,
방패톱스,Shieldon,410,바위,강철,,,1007,76,195,102,,,-Shadow,일반,,,,,,,,,,,,,,,,,,,,,,,,,,,,,,,,,,,,,,,,,,,,
배루키,Tyrogue,236,격투,,,,556,64,64,111,,,-Shadow,일반,,,,,,,,,,,,,,,,,,,,,,,,,,,,,,,,,,,,,,,,,,,,
배바닐라,Vanilluxe,584,얼음,,,,3190,218,184,174,,,-Shadow,일반,,,,,,,,,,,,,,,,,,,,,,,,,,,,,,,,,,,,,,,,,,,,
배쓰나이,Basculin,550,물,,,,2363,189,129,172,,.fRED_STRIPED,-Shadow,기타,,,,,,,,,,,,,,,,,,,,,,,,,,,,,,,,,,,,,,,,,,,,
배쓰나이(히스이),,550,물,,,,2363,189,129,172,,.fWHITE_STRIPED,-Shadow,기타,,,,,,,,,,,,,,,,,,,,,,,,,,,,,,,,,,,,,,,,,,,,
배우르,,832,노말,,,,2478,159,198,176,,,-Shadow,일반,,,,,,,,,,,,,,,,,,,,,,,,,,,,,,,,,,,,,,,,,,,,
백솜모카,,830,풀,,,,2255,148,211,155,,,-Shadow,일반,,,,,,,,,,,,,,,,,,,,,,,,,,,,,,,,,,,,,,,,,,,,
버드렉스,,898,에스퍼,풀,,,2575,162,162,225,,,-Shadow,일반,,,,,,,,,,,,,,,,,,,,,,,,,,,,,,,,,,,,,,,,,,,,
버드렉스(백마),,898,에스퍼,얼음,,,4788,268,246,205,,,_Shadow,일반,,,,,,,,,,,,,,,,,,,,,,,,,,,,,,,,,,,,,,,,,,,,
버드렉스(흑마),,898,에스퍼,고스트,,,5132,324,194,205,,,_Shadow,일반,,,,,,,,,,,,,,,,,,,,,,,,,,,,,,,,,,,,,,,,,,,,
버랜지나,Mandibuzz,630,악,비행,,,2417,129,205,242,,,-Shadow,일반,,,,,,,,,,,,,,,,,,,,,,,,,,,,,,,,,,,,,,,,,,,,
버섯꼬,Shroomish,285,풀,,,,916,74,110,155,,,-Shadow,일반,,,,,,,,,,,,,,,,,,,,,,,,,,,,,,,,,,,,,,,,,,,,
버섯모,Breloom,286,풀,격투,,,2971,241,144,155,,,-Shadow,일반,,,,,,,,,,,,,,,,,,,,,,,,,,,,,,,,,,,,,,,,,,,,
버터플,Butterfree,12,벌레,비행,,,2065,167,137,155,,,-Shadow,일반,,,,,,,,,,,,,,,,,,,,,,,,,,,,,,,,,,,,,,,,,,,,
버프론,Bouffalant,626,노말,,,,3163,195,182,216,,,-Shadow,일반,,,,,,,,,,,,,,,,,,,,,,,,,,,,,,,,,,,,,,,,,,,,
번치코,Blaziken,257,불꽃,격투,,,3219,240,141,190,,,-Shadow,일반,,,,,,,,,,,,,,,,,,,,,,,,,,,,,,,,,,,,,,,,,,,,
벌차이,Vullaby,629,악,비행,,,1437,105,139,172,,,-Shadow,일반,,,,,,,,,,,,,,,,,,,,,,,,,,,,,,,,,,,,,,,,,,,,
베라카스,,954,벌레,에스퍼,,,2966,201,178,181,,,-Shadow,일반,,,,,,,,,,,,,,,,,,,,,,,,,,,,,,,,,,,,,,,,,,,,
베베놈,,803,독,,,,1854,145,133,167,,,-Shadow,일반,,,,,,,,,,,,,,,,,,,,,,,,,,,,,,,,,,,,,,,,,,,,
베베솔트,,932,바위,,,,1093,95,108,146,,,-Shadow,일반,,,,,,,,,,,,,,,,,,,,,,,,,,,,,,,,,,,,,,,,,,,,
베이리프,Bayleef,153,풀,,,,1644,122,155,155,,,-Shadow,일반,,,,,,,,,,,,,,,,,,,,,,,,,,,,,,,,,,,,,,,,,,,,
벰크,Beheeyem,606,에스퍼,,,,3112,221,163,181,,,-Shadow,일반,,,,,,,,,,,,,,,,,,,,,,,,,,,,,,,,,,,,,,,,,,,,
벼리짱,,958,페어리,강철,,,1477,109,145,163,,,-Shadow,일반,,,,,,,,,,,,,,,,,,,,,,,,,,,,,,,,,,,,,,,,,,,,
별가사리,Staryu,120,물,,,,1308,137,112,102,,,-Shadow,일반,,,,,,,,,,,,,,,,,,,,,,,,,,,,,,,,,,,,,,,,,,,,
보르그,Watchog,505,노말,,,,2056,165,139,155,,,-Shadow,일반,,,,,,,,,,,,,,,,,,,,,,,,,,,,,,,,,,,,,,,,,,,,
보르쥐,Patrat,504,노말,,,,895,98,73,128,,,-Shadow,일반,,,,,,,,,,,,,,,,,,,,,,,,,,,,,,,,,,,,,,,,,,,,
보만다,Salamence,373,드래곤,비행,,,4239,277,168,216,,,-Shadow,일반,,,,,,,,,,,,,,,,,,,,,,,,,,,,,,,,,,,,,,,,,,,,
보송송,Flaaffy,180,전기,,,,1720,145,109,172,,,-Shadow,일반,,,,,,,,,,,,,,,,,,,,,,,,,,,,,,,,,,,,,,,,,,,,
보스로라,Aggron,306,강철,바위,,,3391,198,257,172,,,-Shadow,일반,,,,,,,,,,,,,,,,,,,,,,,,,,,,,,,,,,,,,,,,,,,,
복숭악동,,1025,독,고스트,,,15,,,,,,-Shadow,일반,,,,,,,,,,,,,,,,,,,,,,,,,,,,,,,,,,,,,,,,,,,,
볼비트,Volbeat,313,벌레,,,,2002,143,166,163,,,-Shadow,일반,,,,,,,,,,,,,,,,,,,,,,,,,,,,,,,,,,,,,,,,,,,,
볼케니온,,721,불꽃,물,,,4102,252,216,190,,,-Shadow,일반,,,,,,,,,,,,,,,,,,,,,,,,,,,,,,,,,,,,,,,,,,,,
볼트로스(영물폼),,642,전기,비행,,,4137,295,161,188,-Therian,.fTHERIAN,_Shadow,기타,,,,,,,,,,,,,,,,,,,,,,,,,,,,,,,,,,,,,,,,,,,,
볼트로스(화신폼),,642,전기,비행,,,3782,266,164,188,-Incarnate,.fINCARNATE,_Shadow,기타,,,,,,,,,,,,,,,,,,,,,,,,,,,,,,,,,,,,,,,,,,,,
부란다,Pangoro,675,격투,악,,,3281,226,146,216,,,-Shadow,일반,,,,,,,,,,,,,,,,,,,,,,,,,,,,,,,,,,,,,,,,,,,,
부르롱,,965,강철,독,,,1287,123,107,128,,,-Shadow,일반,,,,,,,,,,,,,,,,,,,,,,,,,,,,,,,,,,,,,,,,,,,,
부르르룸,,966,강철,독,,,3337,229,168,190,,,-Shadow,일반,,,,,,,,,,,,,,,,,,,,,,,,,,,,,,,,,,,,,,,,,,,,
부스터,Flareon,136,불꽃,,,,3424,246,179,163,,,-Shadow,일반,,,,,,,,,,,,,,,,,,,,,,,,,,,,,,,,,,,,,,,,,,,,
부우부,Hoothoot,163,노말,비행,,,766,67,88,155,,,-Shadow,일반,,,,,,,,,,,,,,,,,,,,,,,,,,,,,,,,,,,,,,,,,,,,
분떠도리,Spewpa,665,벌레,,,,542,48,89,128,,,-Shadow,일반,,,,,,,,,,,,,,,,,,,,,,,,,,,,,,,,,,,,,,,,,,,,
분이벌레,Scatterbug,664,벌레,,,,556,63,63,116,,,-Shadow,일반,,,,,,,,,,,,,,,,,,,,,,,,,,,,,,,,,,,,,,,,,,,,
분홍장이,Gorebyss,368,물,,,,2820,211,179,146,,,-Shadow,일반,,,,,,,,,,,,,,,,,,,,,,,,,,,,,,,,,,,,,,,,,,,,
불꽃숭이,Chimchar,390,불꽃,,,,1082,113,86,127,,,-Shadow,일반,,,,,,,,,,,,,,,,,,,,,,,,,,,,,,,,,,,,,,,,,,,,
불비달마,,555,불꽃,,,,3511,263,114,233,-Standard,.fSTANDARD,-Shadow,기타,,,,,,,,,,,,,,,,,,,,,,,,,,,,,,,,,,,,,,,,,,,,
불비달마(가라르),,555,얼음,,,,3511,263,114,233,-Galarian_Standard,.fGALARIAN_STANDARD,_Shadow,기타,,,,,,,,,,,,,,,,,,,,,,,,,,,,,,,,,,,,,,,,,,,,
불비달마(가라르/달마),,555,얼음,불꽃,,,4415,323,123,233,-Galarian_Zen,.fGALARIAN_ZEN,_Shadow,기타,,,,,,,,,,,,,,,,,,,,,,,,,,,,,,,,,,,,,,,,,,,,
불비달마(달마모드),,555,불꽃,에스퍼,,,4226,243,202,233,-Zen,.fZEN,_Shadow,기타,,,,,,,,,,,,,,,,,,,,,,,,,,,,,,,,,,,,,,,,,,,,
불카모스,Volcarona,637,벌레,불꽃,,,4106,264,189,198,,,-Shadow,일반,,,,,,,,,,,,,,,,,,,,,,,,,,,,,,,,,,,,,,,,,,,,
불켜미,Litwick,607,고스트,불꽃,,,1138,108,98,137,,,-Shadow,일반,,,,,,,,,,,,,,,,,,,,,,,,,,,,,,,,,,,,,,,,,,,,
불화살빈,Fletchinder,662,불꽃,비행,,,1661,145,110,158,,,-Shadow,일반,,,,,,,,,,,,,,,,,,,,,,,,,,,,,,,,,,,,,,,,,,,,
붐볼,Electrode,101,전기,,,,2373,173,173,155,,,-Shadow,일반,,,,,,,,,,,,,,,,,,,,,,,,,,,,,,,,,,,,,,,,,,,,
붐볼(히스이),,101,전기,풀,,,2430,176,176,155,-Hisuian,.fHISUIAN,_Shadow,히스이 리전폼,,,,,,,,,,,,,,,,,,,,,,,,,,,,,,,,,,,,,,,,,,,,
뷰티플라이,Beautifly,267,벌레,비행,,,1996,189,98,155,,,-Shadow,일반,,,,,,,,,,,,,,,,,,,,,,,,,,,,,,,,,,,,,,,,,,,,
브리가론,Chesnaught,652,풀,격투,,,3340,201,204,204,,,-Shadow,일반,,,,,,,,,,,,,,,,,,,,,,,,,,,,,,,,,,,,,,,,,,,,
브리두라스,,1018,강철,드래곤,,,15,,,,,,-Shadow,일반,,,,,,,,,,,,,,,,,,,,,,,,,,,,,,,,,,,,,,,,,,,,
브리무음,,858,에스퍼,페어리,,,3198,237,182,149,,,-Shadow,일반,,,,,,,,,,,,,,,,,,,,,,,,,,,,,,,,,,,,,,,,,,,,
브이젤,Buizel,418,물,,,,1192,132,67,146,,,-Shadow,일반,,,,,,,,,,,,,,,,,,,,,,,,,,,,,,,,,,,,,,,,,,,,
브케인,Cyndaquil,155,불꽃,,,,1108,116,93,118,,,-Shadow,일반,,,,,,,,,,,,,,,,,,,,,,,,,,,,,,,,,,,,,,,,,,,,
블래키,Umbreon,197,악,,,,2416,126,240,216,,,-Shadow,일반,,,,,,,,,,,,,,,,,,,,,,,,,,,,,,,,,,,,,,,,,,,,
블레이범,Typhlosion,157,불꽃,,,,3266,223,173,186,,,-Shadow,일반,,,,,,,,,,,,,,,,,,,,,,,,,,,,,,,,,,,,,,,,,,,,
블레이범(히스이),,157,불꽃,고스트,,,3385,238,172,177,-Hisuian,.fHISUIAN,_Shadow,히스이 리전폼,,,,,,,,,,,,,,,,,,,,,,,,,,,,,,,,,,,,,,,,,,,,
블로스터,Clawitzer,693,물,,,,3124,221,171,174,,,-Shadow,일반,,,,,,,,,,,,,,,,,,,,,,,,,,,,,,,,,,,,,,,,,,,,
블루,Snubbull,209,페어리,,,,1399,137,85,155,,,-Shadow,일반,,,,,,,,,,,,,,,,,,,,,,,,,,,,,,,,,,,,,,,,,,,,
블리자포스,,896,얼음,,,,4404,246,223,225,,,-Shadow,일반,,,,,,,,,,,,,,,,,,,,,,,,,,,,,,,,,,,,,,,,,,,,
비구술,Surskit,283,벌레,물,,,894,93,87,120,,,-Shadow,일반,,,,,,,,,,,,,,,,,,,,,,,,,,,,,,,,,,,,,,,,,,,,
비나방,Masquerain,284,벌레,비행,,,2567,192,150,172,,,-Shadow,일반,,,,,,,,,,,,,,,,,,,,,,,,,,,,,,,,,,,,,,,,,,,,
비리디온,Virizion,640,풀,격투,,,3417,192,229,209,,,-Shadow,일반,,,,,,,,,,,,,,,,,,,,,,,,,,,,,,,,,,,,,,,,,,,,
비버니,Bidoof,399,노말,,,,815,80,73,153,,,-Shadow,일반,,,,,,,,,,,,,,,,,,,,,,,,,,,,,,,,,,,,,,,,,,,,
비버통,Bibarel,400,노말,물,,,2061,162,119,188,,,-Shadow,일반,,,,,,,,,,,,,,,,,,,,,,,,,,,,,,,,,,,,,,,,,,,,
비브라바,Vibrava,329,땅,드래곤,,,1384,134,99,137,,,-Shadow,일반,,,,,,,,,,,,,,,,,,,,,,,,,,,,,,,,,,,,,,,,,,,,
비비용,Vivillon,666,벌레,비행,,,2097,176,103,190,,.fCONTINENTAL,-Shadow,기타,,,,,,,,,,,,,,,,,,,,,,,,,,,,,,,,,,,,,,,,,,,,
비조도,Mienshao,620,격투,,,,3064,258,127,163,,,-Shadow,일반,,,,,,,,,,,,,,,,,,,,,,,,,,,,,,,,,,,,,,,,,,,,
비조푸,Mienfoo,619,격투,,,,1570,160,98,128,,,-Shadow,일반,,,,,,,,,,,,,,,,,,,,,,,,,,,,,,,,,,,,,,,,,,,,
비퀸,Vespiquen,416,벌레,비행,,,2267,149,190,172,,,-Shadow,일반,,,,,,,,,,,,,,,,,,,,,,,,,,,,,,,,,,,,,,,,,,,,
비크티니,Victini,494,에스퍼,불꽃,,,3691,210,210,225,,,-Shadow,일반,,,,,,,,,,,,,,,,,,,,,,,,,,,,,,,,,,,,,,,,,,,,
빈나두,,938,전기,,,,1030,104,73,156,,,-Shadow,일반,,,,,,,,,,,,,,,,,,,,,,,,,,,,,,,,,,,,,,,,,,,,
빈티나,Feebas,349,물,,,,310,29,85,85,,,-Shadow,일반,,,,,,,,,,,,,,,,,,,,,,,,,,,,,,,,,,,,,,,,,,,,
빙큐보(나이스페이스),,875,얼음,,,,2306,173,139,181,-Noice,,_Shadow,일반,,,,,,,,,,,,,,,,,,,,,,,,,,,,,,,,,,,,,,,,,,,,
빙큐보(아이스페이스),,875,얼음,,,,2335,148,195,181,-Ice,,_Shadow,일반,,,,,,,,,,,,,,,,,,,,,,,,,,,,,,,,,,,,,,,,,,,,
빠르모트,,923,전기,격투,,,2978,232,141,172,,,-Shadow,일반,,,,,,,,,,,,,,,,,,,,,,,,,,,,,,,,,,,,,,,,,,,,
빠모,,921,전기,,,,719,95,45,128,,,-Shadow,일반,,,,,,,,,,,,,,,,,,,,,,,,,,,,,,,,,,,,,,,,,,,,
빠모트,,922,전기,격투,,,1468,147,82,155,,,-Shadow,일반,,,,,,,,,,,,,,,,,,,,,,,,,,,,,,,,,,,,,,,,,,,,
빼미스로우,,723,풀,비행,,,1950,142,139,186,,,-Shadow,일반,,,,,,,,,,,,,,,,,,,,,,,,,,,,,,,,,,,,,,,,,,,,
뽀록나,Amoonguss,591,풀,독,,,2420,155,139,249,,,-Shadow,일반,,,,,,,,,,,,,,,,,,,,,,,,,,,,,,,,,,,,,,,,,,,,
뽀뽀라,Smoochum,238,얼음,에스퍼,,,1460,153,91,128,,,-Shadow,일반,,,,,,,,,,,,,,,,,,,,,,,,,,,,,,,,,,,,,,,,,,,,
뿔충이,Weedle,13,벌레,독,,,515,63,50,120,,,-Shadow,일반,,,,,,,,,,,,,,,,,,,,,,,,,,,,,,,,,,,,,,,,,,,,
뿔카노,Rhyhorn,111,땅,바위,,,1867,140,127,190,,,-Shadow,일반,,,,,,,,,,,,,,,,,,,,,,,,,,,,,,,,,,,,,,,,,,,,
쁘사이저,Pinsir,127,벌레,,,,3345,238,182,163,,,-Shadow,일반,,,,,,,,,,,,,,,,,,,,,,,,,,,,,,,,,,,,,,,,,,,,
삐,Cleffa,173,페어리,,,,759,75,79,137,,,-Shadow,일반,,,,,,,,,,,,,,,,,,,,,,,,,,,,,,,,,,,,,,,,,,,,
삐딱구리,Croagunk,453,독,격투,,,1077,116,76,134,,,-Shadow,일반,,,,,,,,,,,,,,,,,,,,,,,,,,,,,,,,,,,,,,,,,,,,
삐삐,Clefairy,35,페어리,,,,1306,107,108,172,,,-Shadow,일반,,,,,,,,,,,,,,,,,,,,,,,,,,,,,,,,,,,,,,,,,,,,
사나운버섯,,986,풀,악,,,4018,232,190,244,,,-Shadow,일반,,,,,,,,,,,,,,,,,,,,,,,,,,,,,,,,,,,,,,,,,,,,
사다이사,,844,땅,,,,3155,202,207,176,,,-Shadow,일반,,,,,,,,,,,,,,,,,,,,,,,,,,,,,,,,,,,,,,,,,,,,
사랑동이,Luvdisc,370,물,,,,959,81,128,125,,,-Shadow,일반,,,,,,,,,,,,,,,,,,,,,,,,,,,,,,,,,,,,,,,,,,,,
사마자르,,900,벌레,바위,,,3557,253,174,172,,,-Shadow,일반,,,,,,,,,,,,,,,,,,,,,,,,,,,,,,,,,,,,,,,,,,,,
사철록,Deerling,585,노말,풀,,,1283,115,100,155,,.fAUTUMN,-Shadow,기타,2026. 10. 3,10,,,,,,,,,,,,,,,,,,,,,,,,,,,,,,,,,,,,,,,,,,
산호르곤,,864,고스트,,,,3463,253,182,155,,,-Shadow,일반,,,,,,,,,,,,,,,,,,,,,,,,,,,,,,,,,,,,,,,,,,,,
삼삼드래,Hydreigon,635,악,드래곤,,,4098,256,188,211,,,-Shadow,일반,,,,,,,,,,,,,,,,,,,,,,,,,,,,,,,,,,,,,,,,,,,,
샤로다,Serperior,497,풀,,,,2574,161,204,181,,,-Shadow,일반,,,,,,,,,,,,,,,,,,,,,,,,,,,,,,,,,,,,,,,,,,,,
샤미드,Vaporeon,134,물,,,,3521,205,161,277,,,-Shadow,일반,,,,,,,,,,,,,,,,,,,,,,,,,,,,,,,,,,,,,,,,,,,,
샤비,Servine,496,풀,,,,1629,122,152,155,,,-Shadow,일반,,,,,,,,,,,,,,,,,,,,,,,,,,,,,,,,,,,,,,,,,,,,
샤크니아,Sharpedo,319,물,악,,,2466,243,83,172,,,-Shadow,일반,,,,,,,,,,,,,,,,,,,,,,,,,,,,,,,,,,,,,,,,,,,,
샤프니아,Carvanha,318,물,악,,,1154,171,39,128,,,-Shadow,일반,,,,,,,,,,,,,,,,,,,,,,,,,,,,,,,,,,,,,,,,,,,,
샹델라,Chandelure,609,고스트,불꽃,,,3695,271,182,155,,,-Shadow,일반,,,,,,,,,,,,,,,,,,,,,,,,,,,,,,,,,,,,,,,,,,,,
석탄산,,839,바위,불꽃,,,2659,146,198,242,,,-Shadow,일반,,,,,,,,,,,,,,,,,,,,,,,,,,,,,,,,,,,,,,,,,,,,
선인왕,Cacnea,331,풀,,,,1404,156,74,137,,,-Shadow,일반,,,,,,,,,,,,,,,,,,,,,,,,,,,,,,,,,,,,,,,,,,,,
성원숭,Primeape,57,격투,,,,2586,207,138,163,,,-Shadow,일반,,,,,,,,,,,,,,,,,,,,,,,,,,,,,,,,,,,,,,,,,,,,
세꿀버리,Combee,415,벌레,비행,,,559,59,83,102,,,-Shadow,일반,,,,,,,,,,,,,,,,,,,,,,,,,,,,,,,,,,,,,,,,,,,,
세레비,Celebi,251,에스퍼,풀,,,3691,210,210,225,,,-Shadow,일반,,,,,,,,,,,,,,,,,,,,,,,,,,,,,,,,,,,,,,,,,,,,
세비퍼,Seviper,336,독,,,,2380,196,118,177,,,-Shadow,일반,,,,,,,,,,,,,,,,,,,,,,,,,,,,,,,,,,,,,,,,,,,,
셀러,Shellder,90,물,,,,1221,116,134,102,,,-Shadow,일반,,,,,,,,,,,,,,,,,,,,,,,,,,,,,,,,,,,,,,,,,,,,
소곤룡,Whismur,293,노말,,,,758,92,42,162,,,-Shadow,일반,,,,,,,,,,,,,,,,,,,,,,,,,,,,,,,,,,,,,,,,,,,,
소미안,Cottonee,546,풀,페어리,,,791,71,111,120,,,-Shadow,일반,,,,,,,,,,,,,,,,,,,,,,,,,,,,,,,,,,,,,,,,,,,,
손지브림,,857,에스퍼,,,,1848,153,133,149,,,-Shadow,일반,,,,,,,,,,,,,,,,,,,,,,,,,,,,,,,,,,,,,,,,,,,,
솔가레오,,791,에스퍼,강철,,,4570,255,191,264,,,-Shadow,일반,,,,,,,,,,,,,,,,,,,,,,,,,,,,,,,,,,,,,,,,,,,,
솔록,Solrock,338,바위,에스퍼,,,2631,178,153,207,,,-Shadow,일반,,,,,,,,,,,,,,,,,,,,,,,,,,,,,,,,,,,,,,,,,,,,
솜솜코,Jumpluff,189,풀,비행,,,1850,118,183,181,,,-Shadow,일반,,,,,,,,,,,,,,,,,,,,,,,,,,,,,,,,,,,,,,,,,,,,
수댕이,Oshawott,501,물,,,,1182,117,85,146,,,-Shadow,일반,,,,,,,,,,,,,,,,,,,,,,,,,,,,,,,,,,,,,,,,,,,,
수레기,Skrelp,690,독,물,,,1202,109,109,137,,,-Shadow,일반,,,,,,,,,,,,,,,,,,,,,,,,,,,,,,,,,,,,,,,,,,,,
수리둥보,Rufflet,627,노말,비행,,,1686,150,97,172,,,-Shadow,일반,,,,,,,,,,,,,,,,,,,,,,,,,,,,,,,,,,,,,,,,,,,,
수풀부기,Grotle,388,풀,,,,2137,157,143,181,,,-Shadow,일반,,,,,,,,,,,,,,,,,,,,,,,,,,,,,,,,,,,,,,,,,,,,
쉐이미(랜드폼),,492,풀,,,,3691,210,210,225,-Land,.fLAND,_Shadow,기타,,,,,,,,,,,,,,,,,,,,,,,,,,,,,,,,,,,,,,,,,,,,
쉐이미(스카이폼),,492,풀,비행,,,4061,261,166,225,-Sky,.fSKY,_Shadow,기타,,,,,,,,,,,,,,,,,,,,,,,,,,,,,,,,,,,,,,,,,,,,
쉘곤,Shelgon,372,드래곤,,,,2296,172,155,163,,,-Shadow,일반,,,,,,,,,,,,,,,,,,,,,,,,,,,,,,,,,,,,,,,,,,,,
슈륙챙이,Poliwhirl,61,물,,,,1604,130,123,163,,,-Shadow,일반,,,,,,,,,,,,,,,,,,,,,,,,,,,,,,,,,,,,,,,,,,,,
슈바르고,Escavalier,589,벌레,강철,,,3266,223,187,172,,,-Shadow,일반,,,,,,,,,,,,,,,,,,,,,,,,,,,,,,,,,,,,,,,,,,,,
슈쁘,Spritzee,682,페어리,,,,1415,110,113,186,,,-Shadow,일반,,,,,,,,,,,,,,,,,,,,,,,,,,,,,,,,,,,,,,,,,,,,
스라크,Scyther,123,벌레,비행,,,3060,218,170,172,,,-Shadow,일반,,,,,,,,,,,,,,,,,,,,,,,,,,,,,,,,,,,,,,,,,,,,
스완나,Swanna,581,물,비행,,,2361,182,132,181,,,-Shadow,일반,,,,,,,,,,,,,,,,,,,,,,,,,,,,,,,,,,,,,,,,,,,,
스왈로,Swellow,277,노말,비행,,,2170,185,124,155,,,-Shadow,일반,,,,,,,,,,,,,,,,,,,,,,,,,,,,,,,,,,,,,,,,,,,,
스이쿤,Suicune,245,물,,,,3372,180,235,225,,,-Shadow,일반,,,,,,,,,,,,,,,,,,,,,,,,,,,,,,,,,,,,,,,,,,,,
스컹뿡,Stunky,434,독,악,,,1301,121,90,160,,,-Shadow,일반,,,,,,,,,,,,,,,,,,,,,,,,,,,,,,,,,,,,,,,,,,,,
스컹탱크,Skuntank,435,독,악,,,2666,184,132,230,,,-Shadow,일반,,,,,,,,,,,,,,,,,,,,,,,,,,,,,,,,,,,,,,,,,,,,
스코빌런,,952,풀,불꽃,,,2620,216,130,163,,,-Shadow,일반,,,,,,,,,,,,,,,,,,,,,,,,,,,,,,,,,,,,,,,,,,,,
스콜피,Skorupi,451,독,벌레,,,1141,93,151,120,,,-Shadow,일반,,,,,,,,,,,,,,,,,,,,,,,,,,,,,,,,,,,,,,,,,,,,
스태솔트,,933,바위,,,,1461,105,160,155,,,-Shadow,일반,,,,,,,,,,,,,,,,,,,,,,,,,,,,,,,,,,,,,,,,,,,,
스트린더(로우),,849,전기,독,,,2941,224,140,181,-Low_Key,.fLOW_KEY,_Shadow,기타,,,,,,,,,,,,,,,,,,,,,,,,,,,,,,,,,,,,,,,,,,,,
스트린더(하이),,849,전기,독,,,2941,224,140,181,-Amped,.fAMPED,_Shadow,기타,,,,,,,,,,,,,,,,,,,,,,,,,,,,,,,,,,,,,,,,,,,,
슬리퍼,Hypno,97,에스퍼,,,,2363,144,193,198,,,-Shadow,일반,,,,,,,,,,,,,,,,,,,,,,,,,,,,,,,,,,,,,,,,,,,,
슬리프,Drowzee,96,에스퍼,,,,1176,89,136,155,,,-Shadow,일반,,,,,,,,,,,,,,,,,,,,,,,,,,,,,,,,,,,,,,,,,,,,
시드라,Seadra,117,물,,,,2366,187,156,146,,,-Shadow,일반,,,,,,,,,,,,,,,,,,,,,,,,,,,,,,,,,,,,,,,,,,,,
시라소몬,Hitmonlee,106,격투,,,,2912,224,181,137,,,-Shadow,일반,,,,,,,,,,,,,,,,,,,,,,,,,,,,,,,,,,,,,,,,,,,,
시라칸,Relicanth,369,물,바위,,,2858,162,203,225,,,-Shadow,일반,,,,,,,,,,,,,,,,,,,,,,,,,,,,,,,,,,,,,,,,,,,,
시마사리,,747,독,물,,,1099,98,110,137,,,-Shadow,일반,,,,,,,,,,,,,,,,,,,,,,,,,,,,,,,,,,,,,,,,,,,,
시비꼬,,931,노말,비행,,,2231,185,105,193,,,-Shadow,일반,,,,,,,,,,,,,,,,,,,,,,,,,,,,,,,,,,,,,,,,,,,,
식스테일,Vulpix,37,불꽃,,,,998,96,109,116,,,-Shadow,일반,,,,,,,,,,,,,,,,,,,,,,,,,,,,,,,,,,,,,,,,,,,,
식스테일(알로라),,37,얼음,,,,998,96,109,116,-Alola,.fALOLA,_Shadow,알로라 리전폼,,,,,,,,,,,,,,,,,,,,,,,,,,,,,,,,,,,,,,,,,,,,
신뇽,Dragonair,148,드래곤,,,,2012,163,135,156,,,-Shadow,일반,,,,,,,,,,,,,,,,,,,,,,,,,,,,,,,,,,,,,,,,,,,,
신비록,,899,노말,에스퍼,,,3089,206,145,230,,,-Shadow,일반,,,,,,,,,,,,,,,,,,,,,,,,,,,,,,,,,,,,,,,,,,,,
실버디,,773,노말,,,,3336,198,198,216,,,-Shadow,일반,,,,,,,,,,,,,,,,,,,,,,,,,,,,,,,,,,,,,,,,,,,,
실쿤,Silcoon,266,벌레,,,,626,60,77,137,,,-Shadow,일반,,,,,,,,,,,,,,,,,,,,,,,,,,,,,,,,,,,,,,,,,,,,
심보러,Sigilyph,561,에스퍼,비행,,,2883,204,167,176,,,-Shadow,일반,,,,,,,,,,,,,,,,,,,,,,,,,,,,,,,,,,,,,,,,,,,,
싸리용,,978,드래곤,물,,,3105,226,166,169,,,-Shadow,일반,,,,,,,,,,,,,,,,,,,,,,,,,,,,,,,,,,,,,,,,,,,,
쌍검자비,Dewott,502,물,,,,1968,159,116,181,,,-Shadow,일반,,,,,,,,,,,,,,,,,,,,,,,,,,,,,,,,,,,,,,,,,,,,
쌍검킬,Doublade,680,강철,고스트,,,2761,188,206,153,,,-Shadow,일반,,,,,,,,,,,,,,,,,,,,,,,,,,,,,,,,,,,,,,,,,,,,
쌔비냥,Purrloin,509,악,,,,872,98,73,121,,,-Shadow,일반,,,,,,,,,,,,,,,,,,,,,,,,,,,,,,,,,,,,,,,,,,,,
썬더,Zapdos,145,전기,비행,,,3987,253,185,207,,,-Shadow,일반,2015,2007,2010,2010,2000,2002,2003,2005,2005,2006,1992,1995,1995,1997,1998,1998,2000,2000,2001,2001,2015100193067,1930,2519,2509,2513,2513,2500,2503,2504,2506,2507,2508,2491,2494,2494,2497,2498,2498,2500,2501,2501,2502,2519100241367,2413
썬더(가라르),,145,격투,비행,,,4012,252,189,207,-Galarian,.fGALARIAN,_Shadow,가라르 리전폼,,,,,,,,,,,,,,,,,,,,,,,,,,,,,,,,,,,,,,,,,,,,
썬더라이,Electrike,309,전기,,,,1091,123,78,120,,,-Shadow,일반,,,,,,,,,,,,,,,,,,,,,,,,,,,,,,,,,,,,,,,,,,,,
썬더볼트,Manectric,310,전기,,,,2646,215,127,172,,,-Shadow,일반,,,,,,,,,,,,,,,,,,,,,,,,,,,,,,,,,,,,,,,,,,,,
쏘겨모,,860,악,페어리,,,1630,145,102,163,,,-Shadow,일반,,,,,,,,,,,,,,,,,,,,,,,,,,,,,,,,,,,,,,,,,,,,
쏘드라,Horsea,116,물,,,,1194,129,103,102,,,-Shadow,일반,,,,,,,,,,,,,,,,,,,,,,,,,,,,,,,,,,,,,,,,,,,,
쏘콘,Forretress,205,벌레,강철,,,2580,161,205,181,,,-Shadow,일반,,,,,,,,,,,,,,,,,,,,,,,,,,,,,,,,,,,,,,,,,,,,
씨레오,Sealeo,364,얼음,물,,,1938,137,132,207,,,-Shadow,일반,,,,,,,,,,,,,,,,,,,,,,,,,,,,,,,,,,,,,,,,,,,,
씨카이저,Walrein,365,얼음,물,,,3081,182,176,242,,,-Shadow,일반,,,,,,,,,,,,,,,,,,,,,,,,,,,,,,,,,,,,,,,,,,,,
아고용,,804,독,드래곤,,,3587,263,159,177,,,-Shadow,일반,,,,,,,,,,,,,,,,,,,,,,,,,,,,,,,,,,,,,,,,,,,,
아공이,Bagon,371,드래곤,,,,1307,134,93,128,,,-Shadow,일반,,,,,,,,,,,,,,,,,,,,,,,,,,,,,,,,,,,,,,,,,,,,
아그놈,Azelf,482,에스퍼,,,,3629,270,151,181,,,-Shadow,일반,,,,,,,,,,,,,,,,,,,,,,,,,,,,,,,,,,,,,,,,,,,,
아꾸왁,,913,물,,,,2007,162,123,172,,,-Shadow,일반,,,,,,,,,,,,,,,,,,,,,,,,,,,,,,,,,,,,,,,,,,,,
아노딥스,Anorith,347,바위,벌레,,,1729,176,100,128,,,-Shadow,일반,,,,,,,,,,,,,,,,,,,,,,,,,,,,,,,,,,,,,,,,,,,,
아라리,Exeggcute,102,풀,에스퍼,,,1328,107,125,155,,,-Shadow,일반,,,,,,,,,,,,,,,,,,,,,,,,,,,,,,,,,,,,,,,,,,,,
아르세우스,Arceus,493,노말,,,,4510,238,238,237,,,-Shadow,일반,,,,,,,,,,,,,,,,,,,,,,,,,,,,,,,,,,,,,,,,,,,,
아르코,Bellossom,182,풀,,,,2578,169,186,181,,,-Shadow,일반,,,,,,,,,,,,,,,,,,,,,,,,,,,,,,,,,,,,,,,,,,,,
아리아도스,Ariados,168,벌레,독,,,2003,161,124,172,,,-Shadow,일반,,,,,,,,,,,,,,,,,,,,,,,,,,,,,,,,,,,,,,,,,,,,
아마루르가,Aurorus,699,바위,얼음,,,3168,186,163,265,,,-Shadow,일반,,,,,,,,,,,,,,,,,,,,,,,,,,,,,,,,,,,,,,,,,,,,
아마루스,Amaura,698,바위,얼음,,,1541,124,109,184,,,-Shadow,일반,,,,,,,,,,,,,,,,,,,,,,,,,,,,,,,,,,,,,,,,,,,,
아말도,Armaldo,348,바위,벌레,,,3220,222,174,181,,,-Shadow,일반,,,,,,,,,,,,,,,,,,,,,,,,,,,,,,,,,,,,,,,,,,,,
아머까오,,823,비행,강철,,,2777,163,192,221,,,-Shadow,일반,,,,,,,,,,,,,,,,,,,,,,,,,,,,,,,,,,,,,,,,,,,,
아보,Ekans,23,독,,,,1048,110,97,111,,,-Shadow,일반,,,,,,,,,,,,,,,,,,,,,,,,,,,,,,,,,,,,,,,,,,,,
아보크,Arbok,24,독,,,,2171,167,153,155,,,-Shadow,일반,,,,,,,,,,,,,,,,,,,,,,,,,,,,,,,,,,,,,,,,,,,,
아이스크,Ninjask,291,벌레,비행,,,2226,199,112,156,,,-Shadow,일반,,,,,,,,,,,,,,,,,,,,,,,,,,,,,,,,,,,,,,,,,,,,
아이앤트,Durant,632,벌레,강철,,,3007,217,188,151,,,-Shadow,일반,,,,,,,,,,,,,,,,,,,,,,,,,,,,,,,,,,,,,,,,,,,,
아차모,Torchic,255,불꽃,,,,1236,130,87,128,,,-Shadow,일반,,,,,,,,,,,,,,,,,,,,,,,,,,,,,,,,,,,,,,,,,,,,
아케오스,Archeops,567,바위,비행,,,3766,292,139,181,,,-Shadow,일반,,,,,,,,,,,,,,,,,,,,,,,,,,,,,,,,,,,,,,,,,,,,
아켄,Archen,566,바위,비행,,,2083,213,89,146,,,-Shadow,일반,,,,,,,,,,,,,,,,,,,,,,,,,,,,,,,,,,,,,,,,,,,,
아쿠스타,Starmie,121,물,에스퍼,,,2922,210,184,155,,,-Shadow,일반,,,,,,,,,,,,,,,,,,,,,,,,,,,,,,,,,,,,,,,,,,,,
악뜨거,,910,불꽃,,,,2189,162,134,191,,,-Shadow,일반,,,,,,,,,,,,,,,,,,,,,,,,,,,,,,,,,,,,,,,,,,,,
악비르,Krokorok,552,땅,악,,,1603,155,90,155,,,-Shadow,일반,,,,,,,,,,,,,,,,,,,,,,,,,,,,,,,,,,,,,,,,,,,,
악비아르,Krookodile,553,땅,악,,,3444,229,158,216,,,-Shadow,일반,,,,,,,,,,,,,,,,,,,,,,,,,,,,,,,,,,,,,,,,,,,,
악식킹,,799,악,드래곤,,,3264,188,99,440,,,-Shadow,일반,,,,,,,,,,,,,,,,,,,,,,,,,,,,,,,,,,,,,,,,,,,,
안농,Unown,201,에스퍼,,,,1339,136,91,134,,,-Shadow,일반,,,,,,,,,,,,,,,,,,,,,,,,,,,,,,,,,,,,,,,,,,,,
알통몬,Machop,66,격투,,,,1445,137,82,172,,,-Shadow,일반,,,,,,,,,,,,,,,,,,,,,,,,,,,,,,,,,,,,,,,,,,,,
암나이트,Omanyte,138,바위,물,,,1746,155,153,111,,,-Shadow,일반,,,,,,,,,,,,,,,,,,,,,,,,,,,,,,,,,,,,,,,,,,,,
암멍이,,744,바위,,,,1074,117,78,128,,,-Shadow,일반,,,,,,,,,,,,,,,,,,,,,,,,,,,,,,,,,,,,,,,,,,,,
암스타,Omastar,139,바위,물,,,3150,207,201,172,,,-Shadow,일반,,,,,,,,,,,,,,,,,,,,,,,,,,,,,,,,,,,,,,,,,,,,
암트르,Boldore,525,바위,,,,2293,174,143,172,,,-Shadow,일반,,,,,,,,,,,,,,,,,,,,,,,,,,,,,,,,,,,,,,,,,,,,
암팰리스,Crustle,558,벌레,바위,,,2874,188,200,172,,,-Shadow,일반,,,,,,,,,,,,,,,,,,,,,,,,,,,,,,,,,,,,,,,,,,,,
앗차키,Simipour,516,물,,,,2657,206,133,181,,,-Shadow,일반,,,,,,,,,,,,,,,,,,,,,,,,,,,,,,,,,,,,,,,,,,,,
앗차프,Panpour,515,물,,,,1081,104,94,137,,,-Shadow,일반,,,,,,,,,,,,,,,,,,,,,,,,,,,,,,,,,,,,,,,,,,,,
애버라스,Larvitar,246,바위,땅,,,1176,115,93,137,,,-Shadow,일반,,,,,,,,,,,,,,,,,,,,,,,,,,,,,,,,,,,,,,,,,,,,
애프룡,,841,풀,드래곤,,,2788,214,144,172,,,-Shadow,일반,,,,,,,,,,,,,,,,,,,,,,,,,,,,,,,,,,,,,,,,,,,,
액스라이즈,Haxorus,612,드래곤,,,,4062,284,172,183,,,-Shadow,일반,,,,,,,,,,,,,,,,,,,,,,,,,,,,,,,,,,,,,,,,,,,,
액슨도,Fraxure,611,드래곤,,,,2526,212,123,165,,,-Shadow,일반,,,,,,,,,,,,,,,,,,,,,,,,,,,,,,,,,,,,,,,,,,,,
앤테이,Entei,244,불꽃,,,,3926,235,171,251,,,-Shadow,일반,,,,,,,,,,,,,,,,,,,,,,,,,,,,,,,,,,,,,,,,,,,,
앤티골,Heatmor,631,불꽃,,,,2708,204,129,198,,,-Shadow,일반,,,,,,,,,,,,,,,,,,,,,,,,,,,,,,,,,,,,,,,,,,,,
앱솔,Absol,359,악,,,,2856,246,120,163,,,-Shadow,일반,,,,,,,,,,,,,,,,,,,,,,,,,,,,,,,,,,,,,,,,,,,,
야나키,Simisage,512,풀,,,,2657,206,133,181,,,-Shadow,일반,,,,,,,,,,,,,,,,,,,,,,,,,,,,,,,,,,,,,,,,,,,,
야나프,Pansage,511,풀,,,,1081,104,94,137,,,-Shadow,일반,,,,,,,,,,,,,,,,,,,,,,,,,,,,,,,,,,,,,,,,,,,,
야느와르몽,Dusknoir,477,고스트,,,,2700,180,254,128,,,-Shadow,일반,,,,,,,,,,,,,,,,,,,,,,,,,,,,,,,,,,,,,,,,,,,,
야도뇽,,757,독,불꽃,,,1268,136,80,134,,,-Shadow,일반,,,,,,,,,,,,,,,,,,,,,,,,,,,,,,,,,,,,,,,,,,,,
야도란,Slowbro,80,물,에스퍼,,,2877,177,180,216,,,-Shadow,일반,,,,,,,,,,,,,,,,,,,,,,,,,,,,,,,,,,,,,,,,,,,,
야도란(가라르),,80,독,,,,2764,182,156,216,-Galarian,.fGALARIAN,_Shadow,가라르 리전폼,,,,,,,,,,,,,,,,,,,,,,,,,,,,,,,,,,,,,,,,,,,,
야도킹,Slowking,199,물,에스퍼,,,2877,177,180,216,,,-Shadow,일반,,,,,,,,,,,,,,,,,,,,,,,,,,,,,,,,,,,,,,,,,,,,
야도킹(가라르),,199,독,에스퍼,,,3072,190,180,216,-Galarian,.fGALARIAN,_Shadow,가라르 리전폼,,,,,,,,,,,,,,,,,,,,,,,,,,,,,,,,,,,,,,,,,,,,
야돈,Slowpoke,79,물,에스퍼,,,1386,109,98,207,,,-Shadow,일반,,,,,,,,,,,,,,,,,,,,,,,,,,,,,,,,,,,,,,,,,,,,
야돈(가라르),,79,에스퍼,,,,1386,109,98,207,-Galarian,.fGALARIAN,_Shadow,가라르 리전폼,,,,,,,,,,,,,,,,,,,,,,,,,,,,,,,,,,,,,,,,,,,,
야부엉,Noctowl,164,노말,비행,,,2288,145,156,225,,,-Shadow,일반,,,,,,,,,,,,,,,,,,,,,,,,,,,,,,,,,,,,,,,,,,,,
약어리(군집),,746,물,,,,392,46,43,128,-School,.fSCHOOL,_Shadow,기타,,,,,,,,,,,,,,,,,,,,,,,,,,,,,,,,,,,,,,,,,,,,
약어리(단독),,746,물,,,,3654,255,242,128,-Solo,.fSOLO,_Shadow,기타,,,,,,,,,,,,,,,,,,,,,,,,,,,,,,,,,,,,,,,,,,,,
어니부기,Wartortle,8,물,,,,1682,126,155,153,,,-Shadow,일반,,,,,,,,,,,,,,,,,,,,,,,,,,,,,,,,,,,,,,,,,,,,
어둠대신,Shuppet,353,고스트,,,,1151,138,65,127,,,-Shadow,일반,,,,,,,,,,,,,,,,,,,,,,,,,,,,,,,,,,,,,,,,,,,,
어래곤,,882,물,드래곤,,,2826,175,185,207,,,-Shadow,일반,,,,,,,,,,,,,,,,,,,,,,,,,,,,,,,,,,,,,,,,,,,,
어리짱,,957,페어리,강철,,,973,85,110,137,,,-Shadow,일반,,,,,,,,,,,,,,,,,,,,,,,,,,,,,,,,,,,,,,,,,,,,
어써러셔,,977,물,,,,3388,176,178,312,,,-Shadow,일반,,,,,,,,,,,,,,,,,,,,,,,,,,,,,,,,,,,,,,,,,,,,
어지리더,Accelgor,617,벌레,,,,2760,220,120,190,,,-Shadow,일반,,,,,,,,,,,,,,,,,,,,,,,,,,,,,,,,,,,,,,,,,,,,
어치르돈,,883,물,얼음,,,2767,171,185,207,,,-Shadow,일반,,,,,,,,,,,,,,,,,,,,,,,,,,,,,,,,,,,,,,,,,,,,
어흥염,,727,불꽃,악,,,3387,214,175,216,,,-Shadow,일반,,,,,,,,,,,,,,,,,,,,,,,,,,,,,,,,,,,,,,,,,,,,
얼루기,Spinda,327,노말,,,,1380,116,116,155,,.,-Shadow,기타,,,,,,,,,,,,,,,,,,,,,,,,,,,,,,,,,,,,,,,,,,,,
얼음귀신,Glalie,362,얼음,,,,2380,162,162,190,,,-Shadow,일반,,,,,,,,,,,,,,,,,,,,,,,,,,,,,,,,,,,,,,,,,,,,
에나비,Skitty,300,노말,,,,835,84,79,137,,,-Shadow,일반,,,,,,,,,,,,,,,,,,,,,,,,,,,,,,,,,,,,,,,,,,,,
에레브,Electabuzz,125,전기,,,,2639,198,158,163,,,-Shadow,일반,,,,,,,,,,,,,,,,,,,,,,,,,,,,,,,,,,,,,,,,,,,,
에레키드,Elekid,239,전기,,,,1364,135,101,128,,,-Shadow,일반,,,,,,,,,,,,,,,,,,,,,,,,,,,,,,,,,,,,,,,,,,,,
에레키블,Electivire,466,전기,,,,3481,249,163,181,,,-Shadow,일반,,,,,,,,,,,,,,,,,,,,,,,,,,,,,,,,,,,,,,,,,,,,
에리본,,743,벌레,페어리,,,2488,198,146,155,,,-Shadow,일반,,,,,,,,,,,,,,,,,,,,,,,,,,,,,,,,,,,,,,,,,,,,
에몽가,Emolga,587,전기,비행,,,1847,158,127,146,,,-Shadow,일반,,,,,,,,,,,,,,,,,,,,,,,,,,,,,,,,,,,,,,,,,,,,
에브이,Espeon,196,에스퍼,,,,3583,261,175,163,,,-Shadow,일반,,,,,,,,,,,,,,,,,,,,,,,,,,,,,,,,,,,,,,,,,,,,
에블리,,742,벌레,페어리,,,1004,110,81,120,,,-Shadow,일반,,,,,,,,,,,,,,,,,,,,,,,,,,,,,,,,,,,,,,,,,,,,
에써르(수컷),,876,에스퍼,노말,,,2762,208,166,155,-Male,,_Shadow,일반,,,,,,,,,,,,,,,,,,,,,,,,,,,,,,,,,,,,,,,,,,,,
에써르(암컷),,876,에스퍼,노말,,,2710,184,184,172,-Female,,_Shadow,일반,,,,,,,,,,,,,,,,,,,,,,,,,,,,,,,,,,,,,,,,,,,,
에이스번,,815,불꽃,,,,3412,238,163,190,,,-Shadow,일반,,,,,,,,,,,,,,,,,,,,,,,,,,,,,,,,,,,,,,,,,,,,
에이팜,Aipom,190,노말,,,,1524,136,112,146,,,-Shadow,일반,,,,,,,,,,,,,,,,,,,,,,,,,,,,,,,,,,,,,,,,,,,,
엑스레그,,920,벌레,악,,,2619,199,144,174,,,-Shadow,일반,,,,,,,,,,,,,,,,,,,,,,,,,,,,,,,,,,,,,,,,,,,,
엘레이드,Gallade,475,에스퍼,격투,,,3497,237,195,169,,,-Shadow,일반,,,,,,,,,,,,,,,,,,,,,,,,,,,,,,,,,,,,,,,,,,,,
엘리게이,Croconaw,159,물,,,,1947,150,142,163,,,-Shadow,일반,,,,,,,,,,,,,,,,,,,,,,,,,,,,,,,,,,,,,,,,,,,,
엘풍,Whimsicott,547,풀,페어리,,,2277,164,176,155,,,-Shadow,일반,,,,,,,,,,,,,,,,,,,,,,,,,,,,,,,,,,,,,,,,,,,,
엠라이트,Mesprit,481,에스퍼,,,,3457,212,212,190,,,-Shadow,일반,,,,,,,,,,,,,,,,,,,,,,,,,,,,,,,,,,,,,,,,,,,,
엠페르트,Empoleon,395,물,강철,,,3279,210,186,197,,,-Shadow,일반,,,,,,,,,,,,,,,,,,,,,,,,,,,,,,,,,,,,,,,,,,,,
연꽃몬,Lotad,270,물,풀,,,676,71,77,120,,,-Shadow,일반,,,,,,,,,,,,,,,,,,,,,,,,,,,,,,,,,,,,,,,,,,,,
염뉴트,,758,독,불꽃,,,2802,228,130,169,,,-Shadow,일반,,,,,,,,,,,,,,,,,,,,,,,,,,,,,,,,,,,,,,,,,,,,
염무왕,Emboar,500,불꽃,격투,,,3372,235,127,242,,,-Shadow,일반,,,,,,,,,,,,,,,,,,,,,,,,,,,,,,,,,,,,,,,,,,,,
염버니,,813,불꽃,,,,1240,132,79,137,,,-Shadow,일반,,,,,,,,,,,,,,,,,,,,,,,,,,,,,,,,,,,,,,,,,,,,
영구스,,734,노말,,,,994,122,56,134,,,-Shadow,일반,,,,,,,,,,,,,,,,,,,,,,,,,,,,,,,,,,,,,,,,,,,,
영치코,Combusken,256,불꽃,격투,,,1868,163,115,155,,,-Shadow,일반,,,,,,,,,,,,,,,,,,,,,,,,,,,,,,,,,,,,,,,,,,,,
오거폰(벽록의 가면),,1017,풀,,,,15,,,,,,_Shadow,일반,,,,,,,,,,,,,,,,,,,,,,,,,,,,,,,,,,,,,,,,,,,,
오거폰(우물의 가면),,1017,풀,물,,,15,,,,,,_Shadow,일반,,,,,,,,,,,,,,,,,,,,,,,,,,,,,,,,,,,,,,,,,,,,
오거폰(주춧돌의 가면),,1017,풀,바위,,,15,,,,,,_Shadow,일반,,,,,,,,,,,,,,,,,,,,,,,,,,,,,,,,,,,,,,,,,,,,
오거폰(화덕의 가면),,1017,풀,불꽃,,,15,,,,,,_Shadow,일반,,,,,,,,,,,,,,,,,,,,,,,,,,,,,,,,,,,,,,,,,,,,
오기지게,,739,격투,,,,1540,150,104,132,,,-Shadow,일반,,,,,,,,,,,,,,,,,,,,,,,,,,,,,,,,,,,,,,,,,,,,
오뚝군,Baltoy,343,땅,에스퍼,,,889,77,124,120,,,-Shadow,일반,,,,,,,,,,,,,,,,,,,,,,,,,,,,,,,,,,,,,,,,,,,,
오라티프,,942,악,,,,1582,140,108,155,,,-Shadow,일반,,,,,,,,,,,,,,,,,,,,,,,,,,,,,,,,,,,,,,,,,,,,
오롱털,,861,악,페어리,,,3222,227,139,216,,,-Shadow,일반,,,,,,,,,,,,,,,,,,,,,,,,,,,,,,,,,,,,,,,,,,,,
오케이징,Inkay,686,악,에스퍼,,,1048,98,95,142,,,-Shadow,일반,,,,,,,,,,,,,,,,,,,,,,,,,,,,,,,,,,,,,,,,,,,,
올리뇨,,929,풀,노말,,,1619,137,131,141,,,-Shadow,일반,,,,,,,,,,,,,,,,,,,,,,,,,,,,,,,,,,,,,,,,,,,,
올리르바,,930,풀,노말,,,3345,219,189,186,,,-Shadow,일반,,,,,,,,,,,,,,,,,,,,,,,,,,,,,,,,,,,,,,,,,,,,
완철포,Clauncher,692,물,,,,1230,108,117,137,,,-Shadow,일반,,,,,,,,,,,,,,,,,,,,,,,,,,,,,,,,,,,,,,,,,,,,
왕구리,Politoed,186,물,,,,2769,174,179,207,,,-Shadow,일반,,,,,,,,,,,,,,,,,,,,,,,,,,,,,,,,,,,,,,,,,,,,
왕눈해,Tentacool,72,물,독,,,1176,97,149,120,,,-Shadow,일반,,,,,,,,,,,,,,,,,,,,,,,,,,,,,,,,,,,,,,,,,,,,
왕자리,Yanma,193,벌레,비행,,,1662,154,94,163,,,-Shadow,일반,,,,,,,,,,,,,,,,,,,,,,,,,,,,,,,,,,,,,,,,,,,,
왕콘치,Seaking,119,물,,,,2444,175,147,190,,,-Shadow,일반,,,,,,,,,,,,,,,,,,,,,,,,,,,,,,,,,,,,,,,,,,,,
왕큰부리,,733,노말,비행,,,3040,222,146,190,,,-Shadow,일반,,,,,,,,,,,,,,,,,,,,,,,,,,,,,,,,,,,,,,,,,,,,
요가랑,Meditite,307,격투,에스퍼,,,784,78,107,102,,,-Shadow,일반,,,,,,,,,,,,,,,,,,,,,,,,,,,,,,,,,,,,,,,,,,,,
요가램,Medicham,308,격투,에스퍼,,,1618,121,152,155,,,-Shadow,일반,,,,,,,,,,,,,,,,,,,,,,,,,,,,,,,,,,,,,,,,,,,,
요씽리스,,820,노말,,,,2679,160,156,260,,,-Shadow,일반,,,,,,,,,,,,,,,,,,,,,,,,,,,,,,,,,,,,,,,,,,,,
요테리,Lillipup,506,노말,,,,1035,107,86,128,,,-Shadow,일반,,,,,,,,,,,,,,,,,,,,,,,,,,,,,,,,,,,,,,,,,,,,
우라오스(연격의 태세),,892,격투,물,,,4077,254,177,225,-Rapid_Strike,.fRAPID_STRIKE,_Shadow,기타,,,,,,,,,,,,,,,,,,,,,,,,,,,,,,,,,,,,,,,,,,,,
우라오스(일격의 태세),,892,격투,악,,,4077,254,177,225,-Single_Strike,.fSINGLE_STRIKE,_Shadow,기타,,,,,,,,,,,,,,,,,,,,,,,,,,,,,,,,,,,,,,,,,,,,
우락고래,,975,얼음,,,,3519,208,123,347,,,-Shadow,일반,,,,,,,,,,,,,,,,,,,,,,,,,,,,,,,,,,,,,,,,,,,,
우렁찬꼬리,,985,페어리,에스퍼,,,2798,139,234,251,,,-Shadow,일반,,,,,,,,,,,,,,,,,,,,,,,,,,,,,,,,,,,,,,,,,,,,
우르,,831,노말,,,,798,76,97,123,,,-Shadow,일반,,,,,,,,,,,,,,,,,,,,,,,,,,,,,,,,,,,,,,,,,,,,
우츠동,Weepinbell,70,풀,독,,,1822,172,92,163,,,-Shadow,일반,,,,,,,,,,,,,,,,,,,,,,,,,,,,,,,,,,,,,,,,,,,,
우츠보트,Victreebel,71,풀,독,,,2748,207,135,190,,,-Shadow,일반,,,,,,,,,,,,,,,,,,,,,,,,,,,,,,,,,,,,,,,,,,,,
우파,Wooper,194,물,땅,,,725,75,66,146,,,-Shadow,일반,,,,,,,,,,,,,,,,,,,,,,,,,,,,,,,,,,,,,,,,,,,,
우파(팔데아),,194,독,땅,,,725,75,66,146,-Paldea,.fPALDEA,_Shadow,기타,,,,,,,,,,,,,,,,,,,,,,,,,,,,,,,,,,,,,,,,,,,,
울머기,,816,물,,,,1240,132,79,137,,,-Shadow,일반,,,,,,,,,,,,,,,,,,,,,,,,,,,,,,,,,,,,,,,,,,,,
울트라네크로즈마,,800,에스퍼,드래곤,,,5293,337,196,200,-Ultra,,-Shadow,일반,,,,,,,,,,,,,,,,,,,,,,,,,,,,,,,,,,,,,,,,,,,,
워글,Braviary,628,노말,비행,,,3491,232,152,225,,,-Shadow,일반,,,,,,,,,,,,,,,,,,,,,,,,,,,,,,,,,,,,,,,,,,,,
워글(히스이),,628,에스퍼,비행,,,3181,213,137,242,-Hisuian,.fHISUIAN,_Shadow,히스이 리전폼,,,,,,,,,,,,,,,,,,,,,,,,,,,,,,,,,,,,,,,,,,,,
웨이니발,,914,물,격투,,,3411,236,159,198,,,-Shadow,일반,,,,,,,,,,,,,,,,,,,,,,,,,,,,,,,,,,,,,,,,,,,,
위대한엄니,,984,땅,격투,,,4550,249,209,251,,,-Shadow,일반,,,,,,,,,,,,,,,,,,,,,,,,,,,,,,,,,,,,,,,,,,,,
위유이,,1004,악,불꽃,,,3908,269,221,146,,,-Shadow,일반,,,,,,,,,,,,,,,,,,,,,,,,,,,,,,,,,,,,,,,,,,,,
윈디,Arcanine,59,불꽃,,,,3425,227,166,207,,,-Shadow,일반,,,,,,,,,,,,,,,,,,,,,,,,,,,,,,,,,,,,,,,,,,,,
윈디(히스이),,59,불꽃,바위,,,3556,232,165,216,-Hisuian,.fHISUIAN,_Shadow,히스이 리전폼,,,,,,,,,,,,,,,,,,,,,,,,,,,,,,,,,,,,,,,,,,,,
유니란,Solosis,577,에스퍼,,,,1546,170,83,128,,,-Shadow,일반,,,,,,,,,,,,,,,,,,,,,,,,,,,,,,,,,,,,,,,,,,,,
유크시,Uxie,480,에스퍼,,,,2853,156,270,181,,,-Shadow,일반,,,,,,,,,,,,,,,,,,,,,,,,,,,,,,,,,,,,,,,,,,,,
유토브,Tranquill,520,노말,비행,,,1631,144,107,158,,,-Shadow,일반,,,,,,,,,,,,,,,,,,,,,,,,,,,,,,,,,,,,,,,,,,,,
육파리,,949,땅,풀,,,2738,166,209,190,,,-Shadow,일반,,,,,,,,,,,,,,,,,,,,,,,,,,,,,,,,,,,,,,,,,,,,
윤겔라,Kadabra,64,에스퍼,,,,2328,232,117,120,,,-Shadow,일반,,,,,,,,,,,,,,,,,,,,,,,,,,,,,,,,,,,,,,,,,,,,
으랏차,Timburr,532,격투,,,,1487,134,87,181,,,-Shadow,일반,,,,,,,,,,,,,,,,,,,,,,,,,,,,,,,,,,,,,,,,,,,,
윽우지,,845,비행,물,,,2421,173,163,172,,,-Shadow,일반,,,,,,,,,,,,,,,,,,,,,,,,,,,,,,,,,,,,,,,,,,,,
음뱃,,714,비행,드래곤,,,754,83,73,120,,,-Shadow,일반,,,,,,,,,,,,,,,,,,,,,,,,,,,,,,,,,,,,,,,,,,,,
음번,,715,비행,드래곤,,,3125,205,175,198,,,-Shadow,일반,,,,,,,,,,,,,,,,,,,,,,,,,,,,,,,,,,,,,,,,,,,,
이벨타르,,717,악,비행,,,4275,250,185,246,,,-Shadow,일반,,,,,,,,,,,,,,,,,,,,,,,,,,,,,,,,,,,,,,,,,,,,
이브이,Eevee,133,노말,,,,1210,104,114,146,,,-Shadow,일반,,,,,,,,,,,,,,,,,,,,,,,,,,,,,,,,,,,,,,,,,,,,
이븐곰,,760,노말,격투,,,3524,226,141,260,,,-Shadow,일반,,,,,,,,,,,,,,,,,,,,,,,,,,,,,,,,,,,,,,,,,,,,
이상해꽃,Venusaur,3,풀,독,,,3075,198,189,190,,,-Shadow,일반,,,,,,,,,,,,,,,,,,,,,,,,,,,,,,,,,,,,,,,,,,,,
이상해씨,Bulbasaur,1,풀,독,,,1260,118,111,128,,,-Shadow,일반,,,,,,,,,,,,,,,,,,,,,,,,,,,,,,,,,,,,,,,,,,,,
이상해풀,Ivysaur,2,풀,독,,,1921,151,143,155,,,-Shadow,일반,,,,,,,,,,,,,,,,,,,,,,,,,,,,,,,,,,,,,,,,,,,,
이야후,,1015,독,에스퍼,,,15,,,,,,-Shadow,일반,,,,,,,,,,,,,,,,,,,,,,,,,,,,,,,,,,,,,,,,,,,,
이어롤,Buneary,427,노말,,,,1423,130,105,146,,,-Shadow,일반,,,,,,,,,,,,,,,,,,,,,,,,,,,,,,,,,,,,,,,,,,,,
이어롭,Lopunny,428,노말,,,,2328,156,194,163,,,-Shadow,일반,,,,,,,,,,,,,,,,,,,,,,,,,,,,,,,,,,,,,,,,,,,,
이올브,,826,벌레,에스퍼,,,2513,156,240,155,,,-Shadow,일반,,,,,,,,,,,,,,,,,,,,,,,,,,,,,,,,,,,,,,,,,,,,
인텔리레온,,818,물,,,,3351,262,142,172,,,-Shadow,일반,,,,,,,,,,,,,,,,,,,,,,,,,,,,,,,,,,,,,,,,,,,,
일레도리자드,Heliolisk,695,전기,노말,,,2939,219,168,158,,,-Shadow,일반,,,,,,,,,,,,,,,,,,,,,,,,,,,,,,,,,,,,,,,,,,,,
일레즌,,848,전기,독,,,821,97,65,120,,,-Shadow,일반,,,,,,,,,,,,,,,,,,,,,,,,,,,,,,,,,,,,,,,,,,,,
입치트,Mawile,303,강철,페어리,,,1848,155,141,137,,,-Shadow,일반,,,,,,,,,,,,,,,,,,,,,,,,,,,,,,,,,,,,,,,,,,,,
잉어킹,Magikarp,129,물,,,,310,29,85,85,,,-Shadow,일반,,,,,,,,,,,,,,,,,,,,,,,,,,,,,,,,,,,,,,,,,,,,
잎새코,Nuzleaf,274,풀,악,,,1387,134,78,172,,,-Shadow,일반,,,,,,,,,,,,,,,,,,,,,,,,,,,,,,,,,,,,,,,,,,,,
자루도,,893,악,풀,,,4334,242,215,233,,,-Shadow,일반,,,,,,,,,,,,,,,,,,,,,,,,,,,,,,,,,,,,,,,,,,,,
자마슈,,755,풀,페어리,,,1168,108,119,120,,,-Shadow,일반,,,,,,,,,,,,,,,,,,,,,,,,,,,,,,,,,,,,,,,,,,,,
자마젠타(방패왕),,889,격투,강철,,,4717,250,292,192,-Crowned_Shield,.fCROWNED_SHIELD,_Shadow,기타,,,,,,,,,,,,,,,,,,,,,,,,,,,,,,,,,,,,,,,,,,,,
자마젠타(역전의 용사),,889,격투,,,,4329,254,236,192,-Hero,.fHERO,_Shadow,기타,,,,,,,,,,,,,,,,,,,,,,,,,,,,,,,,,,,,,,,,,,,,
자말라,,775,노말,,,,2919,216,165,163,,,-Shadow,일반,,,,,,,,,,,,,,,,,,,,,,,,,,,,,,,,,,,,,,,,,,,,
자망칼,Pawniard,624,악,강철,,,1620,154,114,128,,,-Shadow,일반,,,,,,,,,,,,,,,,,,,,,,,,,,,,,,,,,,,,,,,,,,,,
자시안(검왕),,888,페어리,강철,,,5629,332,240,192,-Crowned_Sword,.fCROWNED_SWORD,_Shadow,기타,,,,,,,,,,,,,,,,,,,,,,,,,,,,,,,,,,,,,,,,,,,,
자시안(역전의 용사),,888,페어리,,,,4329,254,236,192,-Hero,.fHERO,_Shadow,기타,,,,,,,,,,,,,,,,,,,,,,,,,,,,,,,,,,,,,,,,,,,,
자포코일,Magnezone,462,전기,강철,,,3623,238,205,172,,,-Shadow,일반,,,,,,,,,,,,,,,,,,,,,,,,,,,,,,,,,,,,,,,,,,,,
잠만보,Snorlax,143,노말,,,,3647,190,169,330,,,-Shadow,일반,,,,,,,,,,,,,,,,,,,,,,,,,,,,,,,,,,,,,,,,,,,,
장침바루,,904,악,독,,,3330,222,171,198,,,-Shadow,일반,,,,,,,,,,,,,,,,,,,,,,,,,,,,,,,,,,,,,,,,,,,,
장크로다일,Feraligatr,160,물,,,,3230,205,188,198,,,-Shadow,일반,,,,,,,,,,,,,,,,,,,,,,,,,,,,,,,,,,,,,,,,,,,,
쟝고,Zangoose,335,노말,,,,2733,222,124,177,,,-Shadow,일반,,,,,,,,,,,,,,,,,,,,,,,,,,,,,,,,,,,,,,,,,,,,
저리더프,Eelektross,604,전기,,,,3089,217,152,198,,,-Shadow,일반,,,,,,,,,,,,,,,,,,,,,,,,,,,,,,,,,,,,,,,,,,,,
저리릴,Eelektrik,603,전기,,,,1939,156,130,163,,,-Shadow,일반,,,,,,,,,,,,,,,,,,,,,,,,,,,,,,,,,,,,,,,,,,,,
저리어,Tynamo,602,전기,,,,917,105,78,111,,,-Shadow,일반,,,,,,,,,,,,,,,,,,,,,,,,,,,,,,,,,,,,,,,,,,,,
저승갓숭,,979,격투,고스트,,,3695,220,178,242,,,-Shadow,일반,,,,,,,,,,,,,,,,,,,,,,,,,,,,,,,,,,,,,,,,,,,,
전룡,Ampharos,181,전기,,,,3225,211,169,207,,,-Shadow,일반,,,,,,,,,,,,,,,,,,,,,,,,,,,,,,,,,,,,,,,,,,,,
전수목,,796,전기,,,,4451,330,144,195,,,-Shadow,일반,,,,,,,,,,,,,,,,,,,,,,,,,,,,,,,,,,,,,,,,,,,,
전지충이,,737,벌레,전기,,,1919,145,161,149,,,-Shadow,일반,,,,,,,,,,,,,,,,,,,,,,,,,,,,,,,,,,,,,,,,,,,,
전툴라,Galvantula,596,벌레,전기,,,2494,201,128,172,,,-Shadow,일반,,,,,,,,,,,,,,,,,,,,,,,,,,,,,,,,,,,,,,,,,,,,
절각참,Bisharp,625,악,강철,,,3215,232,176,163,,,-Shadow,일반,,,,,,,,,,,,,,,,,,,,,,,,,,,,,,,,,,,,,,,,,,,,
절벼게,,950,바위,,,,2717,184,185,172,,,-Shadow,일반,,,,,,,,,,,,,,,,,,,,,,,,,,,,,,,,,,,,,,,,,,,,
점토도리,Claydol,344,땅,에스퍼,,,2229,140,229,155,,,-Shadow,일반,,,,,,,,,,,,,,,,,,,,,,,,,,,,,,,,,,,,,,,,,,,,
제라오라,,807,전기,,,,3865,252,177,204,,,-Shadow,일반,,,,,,,,,,,,,,,,,,,,,,,,,,,,,,,,,,,,,,,,,,,,
제르네아스,,716,페어리,,,,4275,250,185,246,,,-Shadow,일반,,,,,,,,,,,,,,,,,,,,,,,,,,,,,,,,,,,,,,,,,,,,
제브라이카,Zebstrika,523,전기,,,,2745,211,136,181,,,-Shadow,일반,,,,,,,,,,,,,,,,,,,,,,,,,,,,,,,,,,,,,,,,,,,,
제크로무,Zekrom,644,드래곤,전기,,,4565,275,211,205,,,-Shadow,일반,,,,,,,,,,,,,,,,,,,,,,,,,,,,,,,,,,,,,,,,,,,,
조로아,Zorua,570,악,,,,1329,153,78,120,,,-Shadow,일반,,,,,,,,,,,,,,,,,,,,,,,,,,,,,,,,,,,,,,,,,,,,
조로아(히스이),,570,노말,고스트,,,1360,162,79,111,-Hisuian,.fHISUIAN,_Shadow,히스이 리전폼,,,,,,,,,,,,,,,,,,,,,,,,,,,,,,,,,,,,,,,,,,,,
조로아크,Zoroark,571,악,,,,2907,250,127,155,,,-Shadow,일반,,,,,,,,,,,,,,,,,,,,,,,,,,,,,,,,,,,,,,,,,,,,
조로아크(히스이),,571,노말,고스트,,,2957,261,128,146,-Hisuian,.fHISUIAN,_Shadow,히스이 리전폼,,,,,,,,,,,,,,,,,,,,,,,,,,,,,,,,,,,,,,,,,,,,
조타구,,1014,독,격투,,,15,,,,,,-Shadow,일반,,,,,,,,,,,,,,,,,,,,,,,,,,,,,,,,,,,,,,,,,,,,
종이신도,,798,풀,강철,,,4156,323,182,139,,,-Shadow,일반,,,,,,,,,,,,,,,,,,,,,,,,,,,,,,,,,,,,,,,,,,,,
주리비얀,Snivy,495,풀,,,,960,88,107,128,,,-Shadow,일반,,,,,,,,,,,,,,,,,,,,,,,,,,,,,,,,,,,,,,,,,,,,
주뱃,Zubat,41,독,비행,,,754,83,73,120,,,-Shadow,일반,,,,,,,,,,,,,,,,,,,,,,,,,,,,,,,,,,,,,,,,,,,,
줄뮤마,Blitzle,522,전기,,,,998,118,64,128,,,-Shadow,일반,,,,,,,,,,,,,,,,,,,,,,,,,,,,,,,,,,,,,,,,,,,,
쥬레곤,Dewgong,87,물,얼음,,,2245,139,177,207,,,-Shadow,일반,,,,,,,,,,,,,,,,,,,,,,,,,,,,,,,,,,,,,,,,,,,,
쥬쥬,Seel,86,물,,,,1098,85,121,163,,,-Shadow,일반,,,,,,,,,,,,,,,,,,,,,,,,,,,,,,,,,,,,,,,,,,,,
쥬피썬더,Jolteon,135,전기,,,,3265,232,182,163,,,-Shadow,일반,,,,,,,,,,,,,,,,,,,,,,,,,,,,,,,,,,,,,,,,,,,,
지가르데(10%),,718,드래곤,땅,,,2685,205,173,144,-Ten_Percent,.fCOMPLETE_TEN_PERCENT,_Shadow,기타,,,,,,,,,,,,,,,,,,,,,,,,,,,,,,,,,,,,,,,,,,,,
지가르데(50%),,718,드래곤,땅,,,3855,203,232,239,-Fifty_Percent,.fCOMPLETE_FIFTY_PERCENT,_Shadow,기타,,,,,,,,,,,,,,,,,,,,,,,,,,,,,,,,,,,,,,,,,,,,
지가르데(퍼펙트),,718,드래곤,땅,,,4208,184,207,389,-Complete,.fCOMPLETE,_Shadow,기타,,,,,,,,,,,,,,,,,,,,,,,,,,,,,,,,,,,,,,,,,,,,
지그제구리,Zigzagoon,263,노말,,,,575,58,80,116,,,-Shadow,일반,,,,,,,,,,,,,,,,,,,,,,,,,,,,,,,,,,,,,,,,,,,,
지그제구리(가라르),,263,악,노말,,,575,58,80,116,-Galarian,.fGALARIAN,_Shadow,가라르 리전폼,,,,,,,,,,,,,,,,,,,,,,,,,,,,,,,,,,,,,,,,,,,,
지라치,Jirachi,385,강철,에스퍼,,,3691,210,210,225,,,-Shadow,일반,,,,,,,,,,,,,,,,,,,,,,,,,,,,,,,,,,,,,,,,,,,,
직구리,Linoone,264,노말,,,,1879,142,128,186,,,-Shadow,일반,,,,,,,,,,,,,,,,,,,,,,,,,,,,,,,,,,,,,,,,,,,,
직구리(가라르),,264,악,노말,,,1879,142,128,186,-Galarian,.fGALARIAN,_Shadow,가라르 리전폼,,,,,,,,,,,,,,,,,,,,,,,,,,,,,,,,,,,,,,,,,,,,
진주몽,Clamperl,366,물,,,,1436,133,135,111,,,-Shadow,일반,,,,,,,,,,,,,,,,,,,,,,,,,,,,,,,,,,,,,,,,,,,,
질뻐기,Muk,89,독,,,,3117,190,172,233,,,-Shadow,일반,,,,,,,,,,,,,,,,,,,,,,,,,,,,,,,,,,,,,,,,,,,,
질뻐기(알로라),,89,독,악,,,3117,190,172,233,-Alola,.fALOLA,_Shadow,알로라 리전폼,,,,,,,,,,,,,,,,,,,,,,,,,,,,,,,,,,,,,,,,,,,,
질퍽이,Grimer,88,독,,,,1553,135,90,190,,,-Shadow,일반,,,,,,,,,,,,,,,,,,,,,,,,,,,,,,,,,,,,,,,,,,,,
질퍽이(알로라),,88,독,악,,,1553,135,90,190,-Alola,.fALOLA,_Shadow,알로라 리전폼,,,,,,,,,,,,,,,,,,,,,,,,,,,,,,,,,,,,,,,,,,,,
짜랑고우,,783,드래곤,격투,,,1907,145,162,146,,,-Shadow,일반,,,,,,,,,,,,,,,,,,,,,,,,,,,,,,,,,,,,,,,,,,,,
짜랑고우거,,784,드래곤,격투,,,3741,222,240,181,,,-Shadow,일반,,,,,,,,,,,,,,,,,,,,,,,,,,,,,,,,,,,,,,,,,,,,
짜랑꼬,,782,드래곤,,,,1095,102,108,128,,,-Shadow,일반,,,,,,,,,,,,,,,,,,,,,,,,,,,,,,,,,,,,,,,,,,,,
짜랑랑,,753,풀,,,,838,100,64,120,,,-Shadow,일반,,,,,,,,,,,,,,,,,,,,,,,,,,,,,,,,,,,,,,,,,,,,
쪼마리,Shelmet,616,벌레,,,,942,72,140,137,,,-Shadow,일반,,,,,,,,,,,,,,,,,,,,,,,,,,,,,,,,,,,,,,,,,,,,
쫀도기,,926,페어리,,,,1114,102,126,114,,,-Shadow,일반,,,,,,,,,,,,,,,,,,,,,,,,,,,,,,,,,,,,,,,,,,,,
찌로꼬치,,846,물,,,,1021,118,72,121,,,-Shadow,일반,,,,,,,,,,,,,,,,,,,,,,,,,,,,,,,,,,,,,,,,,,,,
찌르꼬,Starly,396,노말,비행,,,813,101,58,120,,,-Shadow,일반,,,,,,,,,,,,,,,,,,,,,,,,,,,,,,,,,,,,,,,,,,,,
찌르버드,Staravia,397,노말,비행,,,1468,142,94,146,,,-Shadow,일반,,,,,,,,,,,,,,,,,,,,,,,,,,,,,,,,,,,,,,,,,,,,
찌르성게,,871,전기,,,,2183,176,161,134,,,-Shadow,일반,,,,,,,,,,,,,,,,,,,,,,,,,,,,,,,,,,,,,,,,,,,,
찌르호크,Staraptor,398,노말,비행,,,3194,234,140,198,,,-Shadow,일반,,,,,,,,,,,,,,,,,,,,,,,,,,,,,,,,,,,,,,,,,,,,
찌리리공,Voltorb,100,전기,,,,1141,109,111,120,,,-Shadow,일반,,,,,,,,,,,,,,,,,,,,,,,,,,,,,,,,,,,,,,,,,,,,
찌리리공(히스이),,100,전기,풀,,,1141,109,111,120,-Hisuian,.fHISUIAN,_Shadow,히스이 리전폼,,,,,,,,,,,,,,,,,,,,,,,,,,,,,,,,,,,,,,,,,,,,
찌리배리,,939,전기,,,,3010,184,165,240,,,-Shadow,일반,,,,,,,,,,,,,,,,,,,,,,,,,,,,,,,,,,,,,,,,,,,,
찌리비,,940,전기,비행,,,933,105,75,120,,,-Shadow,일반,,,,,,,,,,,,,,,,,,,,,,,,,,,,,,,,,,,,,,,,,,,,
찌리비크,,941,전기,비행,,,2762,221,132,172,,,-Shadow,일반,,,,,,,,,,,,,,,,,,,,,,,,,,,,,,,,,,,,,,,,,,,,
차곡차곡,,805,바위,강철,,,3724,213,298,156,,,-Shadow,일반,,,,,,,,,,,,,,,,,,,,,,,,,,,,,,,,,,,,,,,,,,,,
차데스,,1012,풀,고스트,,,15,,,,,,-Shadow,일반,,,,,,,,,,,,,,,,,,,,,,,,,,,,,,,,,,,,,,,,,,,,
차오꿀,Pignite,499,불꽃,격투,,,2175,173,106,207,,,-Shadow,일반,,,,,,,,,,,,,,,,,,,,,,,,,,,,,,,,,,,,,,,,,,,,
창파나이트,,865,격투,,,,3375,248,176,158,,,-Shadow,일반,,,,,,,,,,,,,,,,,,,,,,,,,,,,,,,,,,,,,,,,,,,,
채키몽,,811,풀,,,,2121,165,134,172,,,-Shadow,일반,,,,,,,,,,,,,,,,,,,,,,,,,,,,,,,,,,,,,,,,,,,,
철시드,Ferroseed,597,풀,강철,,,1064,82,155,127,,,-Shadow,일반,,,,,,,,,,,,,,,,,,,,,,,,,,,,,,,,,,,,,,,,,,,,
철화구야,,797,강철,비행,,,3507,207,199,219,,,-Shadow,일반,,,,,,,,,,,,,,,,,,,,,,,,,,,,,,,,,,,,,,,,,,,,
체리꼬,Cherrim,421,풀,,,,2315,170,153,172,,,-Shadow,일반,,,,,,,,,,,,,,,,,,,,,,,,,,,,,,,,,,,,,,,,,,,,
체리버,Cherubi,420,풀,,,,1074,108,92,128,,,-Shadow,일반,,,,,,,,,,,,,,,,,,,,,,,,,,,,,,,,,,,,,,,,,,,,
초라기,Chinchou,170,물,전기,,,1265,106,97,181,,,-Shadow,일반,,,,,,,,,,,,,,,,,,,,,,,,,,,,,,,,,,,,,,,,,,,,
초롱순,,969,바위,독,,,1899,187,104,134,,,-Shadow,일반,,,,,,,,,,,,,,,,,,,,,,,,,,,,,,,,,,,,,,,,,,,,
초염몽,Infernape,392,불꽃,격투,,,3033,222,151,183,,,-Shadow,일반,,,,,,,,,,,,,,,,,,,,,,,,,,,,,,,,,,,,,,,,,,,,
총어,Remoraid,223,물,,,,1031,127,69,111,,,-Shadow,일반,,,,,,,,,,,,,,,,,,,,,,,,,,,,,,,,,,,,,,,,,,,,
총지엔,,1001,악,풀,,,3320,186,242,198,,,-Shadow,일반,,,,,,,,,,,,,,,,,,,,,,,,,,,,,,,,,,,,,,,,,,,,
춤추새(이글이글스타일),,741,불꽃,비행,,,2638,196,145,181,-Baile,.fBAILE,_Shadow,기타,,,,,,,,,,,,,,,,,,,,,,,,,,,,,,,,,,,,,,,,,,,,
춤추새(파칙파칙스타일),,741,전기,비행,,,2638,196,145,181,-Pom-Pom,.fPOMPOM,_Shadow,기타,,,,,,,,,,,,,,,,,,,,,,,,,,,,,,,,,,,,,,,,,,,,
춤추새(하늘하늘스타일),,741,고스트,비행,,,2638,196,145,181,-Sensu,.fSENSU,_Shadow,기타,,,,,,,,,,,,,,,,,,,,,,,,,,,,,,,,,,,,,,,,,,,,
춤추새(훌라훌라스타일),,741,에스퍼,비행,,,2638,196,145,181,-Pa'u,.fPAU,_Shadow,기타,,,,,,,,,,,,,,,,,,,,,,,,,,,,,,,,,,,,,,,,,,,,
치갈기,,779,물,에스퍼,,,2701,208,145,169,,,-Shadow,일반,,,,,,,,,,,,,,,,,,,,,,,,,,,,,,,,,,,,,,,,,,,,
치고마,,891,격투,,,,1919,170,112,155,,,-Shadow,일반,,,,,,,,,,,,,,,,,,,,,,,,,,,,,,,,,,,,,,,,,,,,
치라미,Minccino,572,노말,,,,986,98,80,146,,,-Shadow,일반,,,,,,,,,,,,,,,,,,,,,,,,,,,,,,,,,,,,,,,,,,,,
치라치노,Cinccino,573,노말,,,,2535,198,130,181,,,-Shadow,일반,,,,,,,,,,,,,,,,,,,,,,,,,,,,,,,,,,,,,,,,,,,,
치렁,Chimecho,358,에스퍼,,,,2554,175,170,181,,,-Shadow,일반,,,,,,,,,,,,,,,,,,,,,,,,,,,,,,,,,,,,,,,,,,,,
치릴리,Petilil,548,풀,,,,1164,119,91,128,,,-Shadow,일반,,,,,,,,,,,,,,,,,,,,,,,,,,,,,,,,,,,,,,,,,,,,
치코리타,Chikorita,152,풀,,,,1057,92,122,128,,,-Shadow,일반,,,,,,,,,,,,,,,,,,,,,,,,,,,,,,,,,,,,,,,,,,,,
칠색조,Ho-Oh,250,불꽃,비행,,,4367,239,244,214,,,-Shadow,일반,,,,,,,,,,,,,,,,,,,,,,,,,,,,,,,,,,,,,,,,,,,,
침바루,Qwilfish,211,물,독,,,2318,184,138,163,,,-Shadow,일반,,,,,,,,,,,,,,,,,,,,,,,,,,,,,,,,,,,,,,,,,,,,
침바루(히스이),,211,악,독,,,2415,184,151,163,-Hisuian,.fHISUIAN,_Shadow,히스이 리전폼,,,,,,,,,,,,,,,,,,,,,,,,,,,,,,,,,,,,,,,,,,,,
카디나르마,,936,불꽃,에스퍼,,,3628,234,185,198,,,-Shadow,일반,,,,,,,,,,,,,,,,,,,,,,,,,,,,,,,,,,,,,,,,,,,,
카르본,,935,불꽃,,,,828,92,74,120,,,-Shadow,일반,,,,,,,,,,,,,,,,,,,,,,,,,,,,,,,,,,,,,,,,,,,,
카스쿤,Cascoon,268,벌레,,,,626,60,77,137,,,-Shadow,일반,,,,,,,,,,,,,,,,,,,,,,,,,,,,,,,,,,,,,,,,,,,,
카포에라,Hitmontop,237,격투,,,,2438,173,207,137,,,-Shadow,일반,,,,,,,,,,,,,,,,,,,,,,,,,,,,,,,,,,,,,,,,,,,,
카푸꼬꼬꼭,,785,전기,페어리,,,3582,250,181,172,,,-Shadow,일반,,,,,,,,,,,,,,,,,,,,,,,,,,,,,,,,,,,,,,,,,,,,
카푸나비나,,786,에스퍼,페어리,,,3950,259,208,172,,,-Shadow,일반,,,,,,,,,,,,,,,,,,,,,,,,,,,,,,,,,,,,,,,,,,,,
카푸느지느,,788,물,페어리,,,3230,189,254,172,,,-Shadow,일반,,,,,,,,,,,,,,,,,,,,,,,,,,,,,,,,,,,,,,,,,,,,
카푸브루루,,787,풀,페어리,,,3865,249,215,172,,,-Shadow,일반,,,,,,,,,,,,,,,,,,,,,,,,,,,,,,,,,,,,,,,,,,,,
칼라마네로,Malamar,687,악,에스퍼,,,2667,177,165,200,,,-Shadow,일반,,,,,,,,,,,,,,,,,,,,,,,,,,,,,,,,,,,,,,,,,,,,
캐스퐁,Castform,351,노말,,,,1845,139,139,172,,,-Shadow,일반,,,,,,,,,,,,,,,,,,,,,,,,,,,,,,,,,,,,,,,,,,,,
캐이시,Abra,63,에스퍼,,,,1517,195,82,93,,,-Shadow,일반,,,,,,,,,,,,,,,,,,,,,,,,,,,,,,,,,,,,,,,,,,,,
캐터피,Caterpie,10,벌레,,,,494,55,55,128,,,-Shadow,일반,,,,,,,,,,,,,,,,,,,,,,,,,,,,,,,,,,,,,,,,,,,,
캡싸이,,951,풀,,,,1104,118,76,137,,,-Shadow,일반,,,,,,,,,,,,,,,,,,,,,,,,,,,,,,,,,,,,,,,,,,,,
캥카,Kangaskhan,115,노말,,,,2924,181,165,233,,,-Shadow,일반,,,,,,,,,,,,,,,,,,,,,,,,,,,,,,,,,,,,,,,,,,,,
케르디오(각오),,647,물,격투,,,4181,260,192,209,-Ordinary,.fORDINARY,_Shadow,기타,,,,,,,,,,,,,,,,,,,,,,,,,,,,,,,,,,,,,,,,,,,,
케르디오(평소),,647,물,격투,,,4181,260,192,209,-Resolute,.fRESOLUTE,_Shadow,기타,,,,,,,,,,,,,,,,,,,,,,,,,,,,,,,,,,,,,,,,,,,,
케오퍼스,,853,격투,,,,3012,209,162,190,,,-Shadow,일반,,,,,,,,,,,,,,,,,,,,,,,,,,,,,,,,,,,,,,,,,,,,
켄타로스,Tauros,128,노말,,,,2962,198,183,181,,,-Shadow,일반,,,,,,,,,,,,,,,,,,,,,,,,,,,,,,,,,,,,,,,,,,,,
켄타로스(팔데아/블레이즈종),,128,격투,불꽃,,,3207,210,193,181,-Paldea,.fPALDEA_BLAZE,_Shadow,기타,,,,,,,,,,,,,,,,,,,,,,,,,,,,,,,,,,,,,,,,,,,,
켄타로스(팔데아/워터종),,128,격투,물,,,3207,210,193,181,-Paldea,.fPALDEA_AQUA,_Shadow,기타,,,,,,,,,,,,,,,,,,,,,,,,,,,,,,,,,,,,,,,,,,,,
켄타로스(팔데아/컴뱃종),,128,격투,,,,3207,210,193,181,-Paldea,.fPALDEA_COMBAT,_Shadow,기타,,,,,,,,,,,,,,,,,,,,,,,,,,,,,,,,,,,,,,,,,,,,
켄호로우,Unfezant,521,노말,비행,,,3091,226,146,190,,,-Shadow,일반,,,,,,,,,,,,,,,,,,,,,,,,,,,,,,,,,,,,,,,,,,,,
켈리몬,Kecleon,352,노말,,,,2314,161,189,155,,,-Shadow,일반,,,,,,,,,,,,,,,,,,,,,,,,,,,,,,,,,,,,,,,,,,,,
코고미,Cubchoo,613,얼음,,,,1208,128,74,146,,,-Shadow,일반,,,,,,,,,,,,,,,,,,,,,,,,,,,,,,,,,,,,,,,,,,,,
코라이돈,,1007,격투,드래곤,,,4491,263,223,205,,,-Shadow,일반,,,,,,,,,,,,,,,,,,,,,,,,,,,,,,,,,,,,,,,,,,,,
코리갑,Donphan,232,땅,,,,3407,214,185,207,,,-Shadow,일반,,,,,,,,,,,,,,,,,,,,,,,,,,,,,,,,,,,,,,,,,,,,
코바르온,Cobalion,638,강철,격투,,,3417,192,229,209,,,-Shadow,일반,,,,,,,,,,,,,,,,,,,,,,,,,,,,,,,,,,,,,,,,,,,,
코뿌리,Rhydon,112,땅,바위,,,3594,222,171,233,,,-Shadow,일반,,,,,,,,,,,,,,,,,,,,,,,,,,,,,,,,,,,,,,,,,,,,
코산호,Corsola,222,물,바위,,,1558,118,156,146,,,-Shadow,일반,,,,,,,,,,,,,,,,,,,,,,,,,,,,,,,,,,,,,,,,,,,,
코산호(가라르),,222,고스트,,,,1692,116,182,155,-Galarian,.fGALARIAN,_Shadow,가라르 리전폼,,,,,,,,,,,,,,,,,,,,,,,,,,,,,,,,,,,,,,,,,,,,
코스모그,,789,에스퍼,,,,489,54,57,125,,,-Shadow,일반,,,,,,,,,,,,,,,,,,,,,,,,,,,,,,,,,,,,,,,,,,,,
코스모움,,790,에스퍼,,,,924,54,242,125,,,-Shadow,일반,,,,,,,,,,,,,,,,,,,,,,,,,,,,,,,,,,,,,,,,,,,,
코일,Magnemite,81,전기,강철,,,1540,165,121,93,,,-Shadow,일반,,,,,,,,,,,,,,,,,,,,,,,,,,,,,,,,,,,,,,,,,,,,
코코리,Phanpy,231,땅,,,,1364,107,98,207,,,-Shadow,일반,,,,,,,,,,,,,,,,,,,,,,,,,,,,,,,,,,,,,,,,,,,,
코코파스,Nosepass,299,바위,,,,1123,82,215,102,,,-Shadow,일반,,,,,,,,,,,,,,,,,,,,,,,,,,,,,,,,,,,,,,,,,,,,
코터스,Torkoal,324,불꽃,,,,2366,151,203,172,,,-Shadow,일반,,,,,,,,,,,,,,,,,,,,,,,,,,,,,,,,,,,,,,,,,,,,
콕코구리,,731,노말,비행,,,1029,136,59,111,,,-Shadow,일반,,,,,,,,,,,,,,,,,,,,,,,,,,,,,,,,,,,,,,,,,,,,
콘치,Goldeen,118,물,,,,1302,123,110,128,,,-Shadow,일반,,,,,,,,,,,,,,,,,,,,,,,,,,,,,,,,,,,,,,,,,,,,
콘팡,Venonat,48,벌레,독,,,1135,100,100,155,,,-Shadow,일반,,,,,,,,,,,,,,,,,,,,,,,,,,,,,,,,,,,,,,,,,,,,
콜로솔트,,934,바위,,,,3065,171,212,225,,,-Shadow,일반,,,,,,,,,,,,,,,,,,,,,,,,,,,,,,,,,,,,,,,,,,,,
콩둘기,Pidove,519,노말,비행,,,958,98,80,137,,,-Shadow,일반,,,,,,,,,,,,,,,,,,,,,,,,,,,,,,,,,,,,,,,,,,,,
콩알뚜기,,919,벌레,,,,669,81,65,107,,,-Shadow,일반,,,,,,,,,,,,,,,,,,,,,,,,,,,,,,,,,,,,,,,,,,,,
큐레무,Kyurem,646,드래곤,얼음,,,4041,246,170,245,,,-Shadow,일반,,,,,,,,,,,,,,,,,,,,,,,,,,,,,,,,,,,,,,,,,,,,
큐레무(블랙),,646,드래곤,얼음,,,5206,310,183,245,,.fBLACK,,,,,,,,,,,,,,,,,,,,,,,,,,,,,,,,,,,,,,,,,,,,,,
큐레무(화이트),,646,드래곤,얼음,,,5206,310,183,245,,.fWHITE,,,,,,,,,,,,,,,,,,,,,,,,,,,,,,,,,,,,,,,,,,,,,,
큐아링,,764,페어리,,,,2392,165,215,139,,,-Shadow,일반,,,,,,,,,,,,,,,,,,,,,,,,,,,,,,,,,,,,,,,,,,,,
크라파,,732,노말,비행,,,1671,159,100,146,,,-Shadow,일반,,,,,,,,,,,,,,,,,,,,,,,,,,,,,,,,,,,,,,,,,,,,
크랩,Krabby,98,물,,,,1764,181,124,102,,,-Shadow,일반,,,,,,,,,,,,,,,,,,,,,,,,,,,,,,,,,,,,,,,,,,,,
크레베이스,,713,얼음,,,,3615,196,240,216,,,-Shadow,일반,,,,,,,,,,,,,,,,,,,,,,,,,,,,,,,,,,,,,,,,,,,,
크레베이스(히스이),,713,얼음,바위,,,3909,214,238,216,-Hisuian,.fHISUIAN,_Shadow,히스이 리전폼,,,,,,,,,,,,,,,,,,,,,,,,,,,,,,,,,,,,,,,,,,,,
크레세리아,Cresselia,488,에스퍼,,,,3230,152,258,260,,,-Shadow,일반,,,,,,,,,,,,,,,,,,,,,,,,,,,,,,,,,,,,,,,,,,,,
크로뱃,Crobat,169,독,비행,,,2992,194,178,198,,,-Shadow,일반,,,,,,,,,,,,,,,,,,,,,,,,,,,,,,,,,,,,,,,,,,,,
크리만,Druddigon,621,드래곤,,,,3088,213,170,184,,,-Shadow,일반,,,,,,,,,,,,,,,,,,,,,,,,,,,,,,,,,,,,,,,,,,,,
클레스퍼트라,,956,에스퍼,,,,2800,204,127,216,,,-Shadow,일반,,,,,,,,,,,,,,,,,,,,,,,,,,,,,,,,,,,,,,,,,,,,
클레피,,707,강철,페어리,,,2204,160,179,149,,,-Shadow,일반,,,,,,,,,,,,,,,,,,,,,,,,,,,,,,,,,,,,,,,,,,,,
키링키,Girafarig,203,노말,에스퍼,,,2314,182,133,172,,,-Shadow,일반,,,,,,,,,,,,,,,,,,,,,,,,,,,,,,,,,,,,,,,,,,,,
키요공,,729,물,,,,2131,168,145,155,,,-Shadow,일반,,,,,,,,,,,,,,,,,,,,,,,,,,,,,,,,,,,,,,,,,,,,
키키링,Farigiraf,981,노말,에스퍼,,,3223,209,136,260,,,-Shadow,일반,,,,,,,,,,,,,,,,,,,,,,,,,,,,,,,,,,,,,,,,,,,,
킬가르도(블레이드폼),,681,강철,고스트,,,2981,291,97,155,,.fBLADE,_Shadow,기타,,,,,,,,,,,,,,,,,,,,,,,,,,,,,,,,,,,,,,,,,,,,
킬가르도(실드폼),,681,강철,고스트,,,1803,97,291,155,,.fSHIELD,_Shadow,기타,,,,,,,,,,,,,,,,,,,,,,,,,,,,,,,,,,,,,,,,,,,,
킬라플로르,,970,바위,독,,,3700,246,177,195,,,-Shadow,일반,,,,,,,,,,,,,,,,,,,,,,,,,,,,,,,,,,,,,,,,,,,,
킬리아,Kirlia,281,에스퍼,페어리,,,1093,117,90,116,,,-Shadow,일반,,,,,,,,,,,,,,,,,,,,,,,,,,,,,,,,,,,,,,,,,,,,
킹드라,Kingdra,230,물,드래곤,,,2986,194,194,181,,,-Shadow,일반,,,,,,,,,,,,,,,,,,,,,,,,,,,,,,,,,,,,,,,,,,,,
킹크랩,Kingler,99,물,,,,3198,240,181,146,,,-Shadow,일반,,,,,,,,,,,,,,,,,,,,,,,,,,,,,,,,,,,,,,,,,,,,
타격귀,Sawk,539,격투,,,,3152,231,153,181,,,-Shadow,일반,,,,,,,,,,,,,,,,,,,,,,,,,,,,,,,,,,,,,,,,,,,,
타랜툴라,,917,벌레,,,,646,70,77,111,,,-Shadow,일반,,,,,,,,,,,,,,,,,,,,,,,,,,,,,,,,,,,,,,,,,,,,
타만타,Mantyke,458,물,비행,,,1411,105,179,128,,,-Shadow,일반,,,,,,,,,,,,,,,,,,,,,,,,,,,,,,,,,,,,,,,,,,,,
타부자고,,1000,강철,고스트,,,3976,252,190,202,,,-Shadow,일반,,,,,,,,,,,,,,,,,,,,,,,,,,,,,,,,,,,,,,,,,,,,
타입:널,,772,노말,,,,3012,184,184,216,,,-Shadow,일반,,,,,,,,,,,,,,,,,,,,,,,,,,,,,,,,,,,,,,,,,,,,
타타륜,,781,고스트,풀,,,3335,233,179,172,,,-Shadow,일반,,,,,,,,,,,,,,,,,,,,,,,,,,,,,,,,,,,,,,,,,,,,
탄동,,837,바위,,,,691,73,91,102,,,-Shadow,일반,,,,,,,,,,,,,,,,,,,,,,,,,,,,,,,,,,,,,,,,,,,,
탄차곤,,838,바위,불꽃,,,1710,114,157,190,,,-Shadow,일반,,,,,,,,,,,,,,,,,,,,,,,,,,,,,,,,,,,,,,,,,,,,
탐리스,,819,노말,,,,1067,95,86,172,,,-Shadow,일반,,,,,,,,,,,,,,,,,,,,,,,,,,,,,,,,,,,,,,,,,,,,
탕구리,Cubone,104,땅,,,,1152,90,144,137,,,-Shadow,일반,,,,,,,,,,,,,,,,,,,,,,,,,,,,,,,,,,,,,,,,,,,,
태깅구르,,945,독,노말,,,2559,199,149,160,,,-Shadow,일반,,,,,,,,,,,,,,,,,,,,,,,,,,,,,,,,,,,,,,,,,,,,
태우지네,,850,불꽃,벌레,,,1186,118,90,137,,,-Shadow,일반,,,,,,,,,,,,,,,,,,,,,,,,,,,,,,,,,,,,,,,,,,,,
탱그릴,Frillish,592,물,고스트,,,1421,115,134,146,,,-Shadow,일반,,,,,,,,,,,,,,,,,,,,,,,,,,,,,,,,,,,,,,,,,,,,
탱탱겔,Jellicent,593,물,고스트,,,2644,159,178,225,,,-Shadow,일반,,,,,,,,,,,,,,,,,,,,,,,,,,,,,,,,,,,,,,,,,,,,
터검니,Axew,610,드래곤,,,,1547,154,101,130,,,-Shadow,일반,,,,,,,,,,,,,,,,,,,,,,,,,,,,,,,,,,,,,,,,,,,,
터벅고래,,974,얼음,,,,1469,119,80,239,,,-Shadow,일반,,,,,,,,,,,,,,,,,,,,,,,,,,,,,,,,,,,,,,,,,,,,
턱지충이,,736,벌레,,,,1112,115,85,132,,,-Shadow,일반,,,,,,,,,,,,,,,,,,,,,,,,,,,,,,,,,,,,,,,,,,,,
텅구리,Marowak,105,땅,,,,2075,144,186,155,,,-Shadow,일반,,,,,,,,,,,,,,,,,,,,,,,,,,,,,,,,,,,,,,,,,,,,
텅구리(알로라),,105,불꽃,고스트,,,2075,144,186,155,-Alola,.fALOLA,_Shadow,알로라 리전폼,,,,,,,,,,,,,,,,,,,,,,,,,,,,,,,,,,,,,,,,,,,,
텅비드,,793,바위,독,,,4465,249,210,240,,,-Shadow,일반,,,,,,,,,,,,,,,,,,,,,,,,,,,,,,,,,,,,,,,,,,,,
테라키온,Terrakion,639,바위,격투,,,4181,260,192,209,,,-Shadow,일반,,,,,,,,,,,,,,,,,,,,,,,,,,,,,,,,,,,,,,,,,,,,
테라파고스(노말폼),,1024,노말,,,,15,,,,,,_Shadow,일반,,,,,,,,,,,,,,,,,,,,,,,,,,,,,,,,,,,,,,,,,,,,
테라파고스(스텔라폼),,1024,노말,,,,15,,,,,,_Shadow,일반,,,,,,,,,,,,,,,,,,,,,,,,,,,,,,,,,,,,,,,,,,,,
테라파고스(테라스탈폼),,1024,노말,,,,15,,,,,,_Shadow,일반,,,,,,,,,,,,,,,,,,,,,,,,,,,,,,,,,,,,,,,,,,,,
테르나,Braixen,654,불꽃,,,,2049,171,130,153,,,-Shadow,일반,,,,,,,,,,,,,,,,,,,,,,,,,,,,,,,,,,,,,,,,,,,,
테오키스(노말폼),Deoxys,386,에스퍼,,,,3573,345,115,137,-Normal,,_Shadow,일반,,,,,,,,,,,,,,,,,,,,,,,,,,,,,,,,,,,,,,,,,,,,
테오키스(디펜스폼),,386,에스퍼,,,,2570,144,330,137,-Defense,.fDEFENSE,_Shadow,기타,,,,,,,,,,,,,,,,,,,,,,,,,,,,,,,,,,,,,,,,,,,,
테오키스(스피드폼),,386,에스퍼,,,,3255,230,218,137,-Speed,.fSPEED,_Shadow,기타,,,,,,,,,,,,,,,,,,,,,,,,,,,,,,,,,,,,,,,,,,,,
테오키스(어택폼),,386,에스퍼,,,,2916,414,46,137,-Attack,.fATTACK,_Shadow,기타,,,,,,,,,,,,,,,,,,,,,,,,,,,,,,,,,,,,,,,,,,,,
테일로,Taillow,276,노말,비행,,,865,106,61,120,,,-Shadow,일반,,,,,,,,,,,,,,,,,,,,,,,,,,,,,,,,,,,,,,,,,,,,
토게데마루,,777,전기,강철,,,2442,190,145,163,,,-Shadow,일반,,,,,,,,,,,,,,,,,,,,,,,,,,,,,,,,,,,,,,,,,,,,
토게키스,Togekiss,468,페어리,비행,,,3767,225,217,198,,,-Shadow,일반,,,,,,,,,,,,,,,,,,,,,,,,,,,,,,,,,,,,,,,,,,,,
토게틱,Togetic,176,페어리,비행,,,1931,139,181,146,,,-Shadow,일반,,,,,,,,,,,,,,,,,,,,,,,,,,,,,,,,,,,,,,,,,,,,
토게피,Togepi,175,페어리,,,,743,67,116,111,,,-Shadow,일반,,,,,,,,,,,,,,,,,,,,,,,,,,,,,,,,,,,,,,,,,,,,
토네로스(영물폼),,641,비행,,,,3635,238,189,188,-Therian,.fTHERIAN,_Shadow,기타,,,,,,,,,,,,,,,,,,,,,,,,,,,,,,,,,,,,,,,,,,,,
토네로스(화신폼),,641,비행,,,,3782,266,164,188,-Incarnate,.fINCARNATE,_Shadow,기타,,,,,,,,,,,,,,,,,,,,,,,,,,,,,,,,,,,,,,,,,,,,
토대부기,Torterra,389,풀,땅,,,3318,202,188,216,,,-Shadow,일반,,,,,,,,,,,,,,,,,,,,,,,,,,,,,,,,,,,,,,,,,,,,
토쇠골,Gurdurr,533,격투,,,,2452,180,134,198,,,-Shadow,일반,,,,,,,,,,,,,,,,,,,,,,,,,,,,,,,,,,,,,,,,,,,,
토오,,980,독,땅,,,2207,127,151,277,,,-Shadow,일반,,,,,,,,,,,,,,,,,,,,,,,,,,,,,,,,,,,,,,,,,,,,
토중몬,Nincada,290,벌레,땅,,,868,80,126,104,,,-Shadow,일반,,,,,,,,,,,,,,,,,,,,,,,,,,,,,,,,,,,,,,,,,,,,
톱치,Trapinch,328,땅,,,,1441,162,78,128,,,-Shadow,일반,,,,,,,,,,,,,,,,,,,,,,,,,,,,,,,,,,,,,,,,,,,,
통통코,Hoppip,187,풀,비행,,,678,67,94,111,,,-Shadow,일반,,,,,,,,,,,,,,,,,,,,,,,,,,,,,,,,,,,,,,,,,,,,
투구,Kabuto,140,바위,물,,,1549,148,140,102,,,-Shadow,일반,,,,,,,,,,,,,,,,,,,,,,,,,,,,,,,,,,,,,,,,,,,,
투구뿌논,,738,벌레,전기,,,3524,254,158,184,,,-Shadow,일반,,,,,,,,,,,,,,,,,,,,,,,,,,,,,,,,,,,,,,,,,,,,
투구푸스,Kabutops,141,바위,물,,,3067,220,186,155,,,-Shadow,일반,,,,,,,,,,,,,,,,,,,,,,,,,,,,,,,,,,,,,,,,,,,,
툰베어,Beartic,614,얼음,,,,3439,233,152,216,,,-Shadow,일반,,,,,,,,,,,,,,,,,,,,,,,,,,,,,,,,,,,,,,,,,,,,
트래피더,,918,벌레,,,,1907,139,166,155,,,-Shadow,일반,,,,,,,,,,,,,,,,,,,,,,,,,,,,,,,,,,,,,,,,,,,,
트로피우스,Tropius,357,풀,비행,,,2194,136,163,223,,,-Shadow,일반,,,,,,,,,,,,,,,,,,,,,,,,,,,,,,,,,,,,,,,,,,,,
트리미앙,Furfrou,676,노말,,,,2387,164,167,181,,.fNATURAL,-Shadow,기타,,,,,,,,,,,,,,,,,,,,,,,,,,,,,,,,,,,,,,,,,,,,
트리토돈,Gastrodon,423,물,땅,,,2628,169,143,244,-East_Sea,.fEAST_SEA,-Shadow,일반,,,,,,,,,,,,,,,,,,,,,,,,,,,,,,,,,,,,,,,,,,,,
티고라스,Tyrunt,696,바위,드래곤,,,1848,158,123,151,,,-Shadow,일반,,,,,,,,,,,,,,,,,,,,,,,,,,,,,,,,,,,,,,,,,,,,
파라꼬,,821,비행,,,,753,88,67,116,,,-Shadow,일반,,,,,,,,,,,,,,,,,,,,,,,,,,,,,,,,,,,,,,,,,,,,
파라블레이즈,,937,불꽃,고스트,,,3586,239,189,181,,,-Shadow,일반,,,,,,,,,,,,,,,,,,,,,,,,,,,,,,,,,,,,,,,,,,,,
파라섹트,Parasect,47,벌레,풀,,,2102,165,146,155,,,-Shadow,일반,,,,,,,,,,,,,,,,,,,,,,,,,,,,,,,,,,,,,,,,,,,,
파라스,Paras,46,벌레,풀,,,1150,121,99,111,,,-Shadow,일반,,,,,,,,,,,,,,,,,,,,,,,,,,,,,,,,,,,,,,,,,,,,
파르빗,Bunnelby,659,노말,,,,625,68,72,116,,,-Shadow,일반,,,,,,,,,,,,,,,,,,,,,,,,,,,,,,,,,,,,,,,,,,,,
파르셀,Cloyster,91,물,얼음,,,2880,186,256,137,,,-Shadow,일반,,,,,,,,,,,,,,,,,,,,,,,,,,,,,,,,,,,,,,,,,,,,
파르토,Diggersby,660,노말,땅,,,1706,112,155,198,,,-Shadow,일반,,,,,,,,,,,,,,,,,,,,,,,,,,,,,,,,,,,,,,,,,,,,
파밀리쥐(네 식구),,925,노말,,,,2244,159,157,179,-Family_Of_Four,.fFAMILY_OF_FOUR,_Shadow,기타,,,,,,,,,,,,,,,,,,,,,,,,,,,,,,,,,,,,,,,,,,,,
파밀리쥐(세 식구),,925,노말,,,,2244,159,157,179,-Family_Of_Three,.fFAMILY_OF_THREE,_Shadow,기타,,,,,,,,,,,,,,,,,,,,,,,,,,,,,,,,,,,,,,,,,,,,
파비코,Swablu,333,노말,비행,,,931,76,132,128,,,-Shadow,일반,,,,,,,,,,,,,,,,,,,,,,,,,,,,,,,,,,,,,,,,,,,,
파비코리,Altaria,334,드래곤,비행,,,2266,141,201,181,,,-Shadow,일반,,,,,,,,,,,,,,,,,,,,,,,,,,,,,,,,,,,,,,,,,,,,
파오리,Farfetch'd,83,노말,비행,,,1397,124,115,141,,,-Shadow,일반,,,,,,,,,,,,,,,,,,,,,,,,,,,,,,,,,,,,,,,,,,,,
파오리(가라르),,83,격투,,,,1893,174,114,141,-Galarian,.fGALARIAN,_Shadow,가라르 리전폼,,,,,,,,,,,,,,,,,,,,,,,,,,,,,,,,,,,,,,,,,,,,
파오젠,,1002,악,얼음,,,3764,261,167,190,,,-Shadow,일반,,,,,,,,,,,,,,,,,,,,,,,,,,,,,,,,,,,,,,,,,,,,
파이리,Charmander,4,불꽃,,,,1108,116,93,118,,,-Shadow,일반,,,,,,,,,,,,,,,,,,,,,,,,,,,,,,,,,,,,,,,,,,,,
파이숭이,Monferno,391,불꽃,격투,,,1780,158,105,162,,,-Shadow,일반,,,,,,,,,,,,,,,,,,,,,,,,,,,,,,,,,,,,,,,,,,,,
파이어,Moltres,146,불꽃,비행,,,3917,251,181,207,,,-Shadow,일반,,,,,,,,,,,,,,,,,,,,,,,,,,,,,,,,,,,,,,,,,,,,
파이어(가라르),,146,악,비행,,,3580,202,231,207,-Galarian,.fGALARIAN,_Shadow,가라르 리전폼,,,,,,,,,,,,,,,,,,,,,,,,,,,,,,,,,,,,,,,,,,,,
파이어로,Talonflame,663,불꽃,비행,,,2493,176,155,186,,,-Shadow,일반,,,,,,,,,,,,,,,,,,,,,,,,,,,,,,,,,,,,,,,,,,,,
파쪼옥,Joltik,595,벌레,전기,,,1156,110,98,137,,,-Shadow,일반,,,,,,,,,,,,,,,,,,,,,,,,,,,,,,,,,,,,,,,,,,,,
파치래곤,,880,전기,드래곤,,,2964,195,165,207,,,-Shadow,일반,,,,,,,,,,,,,,,,,,,,,,,,,,,,,,,,,,,,,,,,,,,,
파치르돈,,881,전기,얼음,,,2901,190,166,207,,,-Shadow,일반,,,,,,,,,,,,,,,,,,,,,,,,,,,,,,,,,,,,,,,,,,,,
파치리스,Pachirisu,417,전기,,,,1372,94,172,155,,,-Shadow,일반,,,,,,,,,,,,,,,,,,,,,,,,,,,,,,,,,,,,,,,,,,,,
파크로우,,822,비행,,,,1542,129,110,169,,,-Shadow,일반,,,,,,,,,,,,,,,,,,,,,,,,,,,,,,,,,,,,,,,,,,,,
판짱,Pancham,674,격투,,,,1683,145,107,167,,,-Shadow,일반,,,,,,,,,,,,,,,,,,,,,,,,,,,,,,,,,,,,,,,,,,,,
패리퍼,Pelipper,279,물,비행,,,2404,175,174,155,,,-Shadow,일반,,,,,,,,,,,,,,,,,,,,,,,,,,,,,,,,,,,,,,,,,,,,
팬텀,Gengar,94,고스트,독,,,3254,261,149,155,,,-Shadow,일반,,,,,,,,,,,,,,,,,,,,,,,,,,,,,,,,,,,,,,,,,,,,
팽도리,Piplup,393,물,,,,1215,112,102,142,,,-Shadow,일반,,,,,,,,,,,,,,,,,,,,,,,,,,,,,,,,,,,,,,,,,,,,
팽태자,Prinplup,394,물,,,,1923,150,139,162,,,-Shadow,일반,,,,,,,,,,,,,,,,,,,,,,,,,,,,,,,,,,,,,,,,,,,,
퍼퓨돈(수컷),,916,노말,,,,2949,186,153,242,-Male,,_Shadow,일반,,,,,,,,,,,,,,,,,,,,,,,,,,,,,,,,,,,,,,,,,,,,
퍼퓨돈(암컷),,916,노말,,,,2819,169,162,251,-Female,.fFEMALE,_Shadow,기타,,,,,,,,,,,,,,,,,,,,,,,,,,,,,,,,,,,,,,,,,,,,
펄기아(어나더폼),Palkia,484,물,드래곤,,,4512,280,215,189,,,_Shadow,일반,,,,,,,,,,,,,,,,,,,,,,,,,,,,,,,,,,,,,,,,,,,,
펄기아(오리진폼),,484,물,드래곤,,,4683,286,223,189,-Origin,.fORIGIN,_Shadow,오리진폼,,,,,,,,,,,,,,,,,,,,,,,,,,,,,,,,,,,,,,,,,,,,
펄스멍,,836,전기,,,,2460,197,131,170,,,-Shadow,일반,,,,,,,,,,,,,,,,,,,,,,,,,,,,,,,,,,,,,,,,,,,,
펌킨인(대),,711,고스트,풀,,,2850,179,206,181,-Large,.fLARGE,_Shadow,기타,,,,,,,,,,,,,,,,,,,,,,,,,,,,,,,,,,,,,,,,,,,,
펌킨인(소),,711,고스트,풀,,,2549,171,219,146,-Small,.fSMALL,_Shadow,기타,,,,,,,,,,,,,,,,,,,,,,,,,,,,,,,,,,,,,,,,,,,,
펌킨인(중),,711,고스트,풀,,,2702,175,213,163,-Average,.fAVERAGE,_Shadow,기타,,,,,,,,,,,,,,,,,,,,,,,,,,,,,,,,,,,,,,,,,,,,
펌킨인(특대),,711,고스트,풀,,,2976,182,200,198,-Super,.fSUPER,_Shadow,기타,,,,,,,,,,,,,,,,,,,,,,,,,,,,,,,,,,,,,,,,,,,,
페라페,Chatot,441,노말,비행,,,2025,183,91,183,,,-Shadow,일반,,,,,,,,,,,,,,,,,,,,,,,,,,,,,,,,,,,,,,,,,,,,
페로코체,,795,벌레,격투,,,3213,316,85,174,,,-Shadow,일반,,,,,,,,,,,,,,,,,,,,,,,,,,,,,,,,,,,,,,,,,,,,
페르시온,Persian,53,노말,,,,1910,150,136,163,,,-Shadow,일반,,,,,,,,,,,,,,,,,,,,,,,,,,,,,,,,,,,,,,,,,,,,
페르시온(알로라),,53,악,,,,2002,158,136,163,-Alola,.fALOLA,_Shadow,알로라 리전폼,,,,,,,,,,,,,,,,,,,,,,,,,,,,,,,,,,,,,,,,,,,,
페이검,Spinarak,167,벌레,독,,,923,105,73,120,,,-Shadow,일반,,,,,,,,,,,,,,,,,,,,,,,,,,,,,,,,,,,,,,,,,,,,
펜드라,Scolipede,545,벌레,독,,,2766,203,175,155,,,-Shadow,일반,,,,,,,,,,,,,,,,,,,,,,,,,,,,,,,,,,,,,,,,,,,,
포곰곰,,759,노말,격투,,,1529,136,95,172,,,-Shadow,일반,,,,,,,,,,,,,,,,,,,,,,,,,,,,,,,,,,,,,,,,,,,,
포니타,Ponyta,77,불꽃,,,,1919,170,127,137,,,-Shadow,일반,,,,,,,,,,,,,,,,,,,,,,,,,,,,,,,,,,,,,,,,,,,,
포니타(가라르),,77,에스퍼,,,,1919,170,127,137,-Galarian,.fGALARIAN,_Shadow,가라르 리전폼,,,,,,,,,,,,,,,,,,,,,,,,,,,,,,,,,,,,,,,,,,,,
포챠나,Poochyena,261,악,,,,766,96,61,111,,,-Shadow,일반,,,,,,,,,,,,,,,,,,,,,,,,,,,,,,,,,,,,,,,,,,,,
포트데스,,855,고스트,,,,3458,248,189,155,,.fANTIQUE,-Shadow,기타,,,,,,,,,,,,,,,,,,,,,,,,,,,,,,,,,,,,,,,,,,,,
포푸니,Sneasel,215,악,얼음,,,2319,189,146,146,,,-Shadow,일반,,,,,,,,,,,,,,,,,,,,,,,,,,,,,,,,,,,,,,,,,,,,
포푸니(히스이),,215,격투,독,,,2319,189,146,146,-Hisuian,.fHISUIAN,_Shadow,히스이 리전폼,,,,,,,,,,,,,,,,,,,,,,,,,,,,,,,,,,,,,,,,,,,,
포푸니라,Weavile,461,악,얼음,,,3397,243,171,172,,,-Shadow,일반,,,,,,,,,,,,,,,,,,,,,,,,,,,,,,,,,,,,,,,,,,,,
포푸니크,,903,격투,독,,,3643,259,158,190,,,-Shadow,일반,,,,,,,,,,,,,,,,,,,,,,,,,,,,,,,,,,,,,,,,,,,,
폭거북스,,776,불꽃,드래곤,,,2513,165,215,155,,,-Shadow,일반,,,,,,,,,,,,,,,,,,,,,,,,,,,,,,,,,,,,,,,,,,,,
폭슬라이,,828,악,,,,2415,172,164,172,,,-Shadow,일반,,,,,,,,,,,,,,,,,,,,,,,,,,,,,,,,,,,,,,,,,,,,
폭음룡,Exploud,295,노말,,,,2654,179,137,232,,,-Shadow,일반,,,,,,,,,,,,,,,,,,,,,,,,,,,,,,,,,,,,,,,,,,,,
폭타,Camerupt,323,불꽃,땅,,,2479,194,136,172,,,-Shadow,일반,,,,,,,,,,,,,,,,,,,,,,,,,,,,,,,,,,,,,,,,,,,,
폴리곤,Porygon,137,노말,,,,1944,153,136,163,,,-Shadow,일반,,,,,,,,,,,,,,,,,,,,,,,,,,,,,,,,,,,,,,,,,,,,
폴리곤2,Porygon2,233,노말,,,,3065,198,180,198,,,-Shadow,일반,,,,,,,,,,,,,,,,,,,,,,,,,,,,,,,,,,,,,,,,,,,,
폴리곤Z,Porygon-Z,474,노말,,,,3693,264,150,198,,,-Shadow,일반,,,,,,,,,,,,,,,,,,,,,,,,,,,,,,,,,,,,,,,,,,,,
푸린,Jigglypuff,39,노말,페어리,,,818,80,41,251,,,-Shadow,일반,,,,,,,,,,,,,,,,,,,,,,,,,,,,,,,,,,,,,,,,,,,,
푸크린,Wigglytuff,40,노말,페어리,,,2178,156,90,295,,,-Shadow,일반,,,,,,,,,,,,,,,,,,,,,,,,,,,,,,,,,,,,,,,,,,,,
푸푸린,Igglybuff,174,노말,페어리,,,605,69,32,207,,,-Shadow,일반,,,,,,,,,,,,,,,,,,,,,,,,,,,,,,,,,,,,,,,,,,,,
푸호꼬,Fennekin,653,불꽃,,,,1162,116,102,120,,,-Shadow,일반,,,,,,,,,,,,,,,,,,,,,,,,,,,,,,,,,,,,,,,,,,,,
프레프티르,Aromatisse,683,페어리,,,,2647,173,150,226,,,-Shadow,일반,,,,,,,,,,,,,,,,,,,,,,,,,,,,,,,,,,,,,,,,,,,,
프로토가,Tirtouga,564,물,바위,,,1683,134,146,144,,,-Shadow,일반,,,,,,,,,,,,,,,,,,,,,,,,,,,,,,,,,,,,,,,,,,,,
프리져,Articuno,144,얼음,비행,,,3450,192,236,207,,,-Shadow,일반,,,,,,,,,,,,,,,,,,,,,,,,,,,,,,,,,,,,,,,,,,,,
프리져(가라르),,144,에스퍼,비행,,,4059,250,197,207,-Galarian,.fGALARIAN,_Shadow,가라르 리전폼,,,,,,,,,,,,,,,,,,,,,,,,,,,,,,,,,,,,,,,,,,,,
프리지오,Cryogonal,615,얼음,,,,3163,190,218,190,,,-Shadow,일반,,,,,,,,,,,,,,,,,,,,,,,,,,,,,,,,,,,,,,,,,,,,
프테라,Aerodactyl,142,바위,비행,,,3147,221,159,190,,,-Shadow,일반,,,,,,,,,,,,,,,,,,,,,,,,,,,,,,,,,,,,,,,,,,,,
플라베베,Flabébé,669,페어리,,,,1202,108,120,127,,.fWHITE,-Shadow,기타,,,,,,,,,,,,,,,,,,,,,,,,,,,,,,,,,,,,,,,,,,,,
플라엣테,Floette,670,페어리,,,,1732,136,151,144,,.fWHITE,-Shadow,기타,,,,,,,,,,,,,,,,,,,,,,,,,,,,,,,,,,,,,,,,,,,,
플라이곤,Flygon,330,땅,드래곤,,,3008,205,168,190,,,-Shadow,일반,,,,,,,,,,,,,,,,,,,,,,,,,,,,,,,,,,,,,,,,,,,,
플라제스,Florges,671,페어리,,,,3657,212,244,186,,.fWHITE,-Shadow,기타,,,,,,,,,,,,,,,,,,,,,,,,,,,,,,,,,,,,,,,,,,,,
플러시,Plusle,311,전기,,,,2010,167,129,155,,,-Shadow,일반,,,,,,,,,,,,,,,,,,,,,,,,,,,,,,,,,,,,,,,,,,,,
플로젤,Floatzel,419,물,,,,2762,221,114,198,,,-Shadow,일반,,,,,,,,,,,,,,,,,,,,,,,,,,,,,,,,,,,,,,,,,,,,
피그점프,Spoink,325,에스퍼,,,,1508,125,122,155,,,-Shadow,일반,,,,,,,,,,,,,,,,,,,,,,,,,,,,,,,,,,,,,,,,,,,,
피그킹,Grumpig,326,에스퍼,,,,2679,171,188,190,,,-Shadow,일반,,,,,,,,,,,,,,,,,,,,,,,,,,,,,,,,,,,,,,,,,,,,
피오네,Phione,489,물,,,,2380,162,162,190,,,-Shadow,일반,,,,,,,,,,,,,,,,,,,,,,,,,,,,,,,,,,,,,,,,,,,,
피죤,Pidgeotto,17,노말,비행,,,1350,117,105,160,,,-Shadow,일반,,,,,,,,,,,,,,,,,,,,,,,,,,,,,,,,,,,,,,,,,,,,
피죤투,Pidgeot,18,노말,비행,,,2407,166,154,195,,,-Shadow,일반,,,,,,,,,,,,,,,,,,,,,,,,,,,,,,,,,,,,,,,,,,,,
피츄,Pichu,172,전기,,,,535,77,53,85,,,-Shadow,일반,,,,,,,,,,,,,,,,,,,,,,,,,,,,,,,,,,,,,,,,,,,,
피카츄,Pikachu,25,전기,,,,1060,112,96,111,,,-Shadow,일반,,,,,,,,,,,,,,,,,,,,,,,,,,,,,,,,,,,,,,,,,,,,
피콘,Pineco,204,벌레,,,,1253,108,122,137,,,-Shadow,일반,,,,,,,,,,,,,,,,,,,,,,,,,,,,,,,,,,,,,,,,,,,,
픽시,Clefable,36,페어리,,,,2755,178,162,216,,,-Shadow,일반,,,,,,,,,,,,,,,,,,,,,,,,,,,,,,,,,,,,,,,,,,,,
핑복,Happiny,440,노말,,,,419,25,77,225,,,-Shadow,일반,,,,,,,,,,,,,,,,,,,,,,,,,,,,,,,,,,,,,,,,,,,,
하느라기,,955,에스퍼,,,,793,105,60,102,,,-Shadow,일반,,,,,,,,,,,,,,,,,,,,,,,,,,,,,,,,,,,,,,,,,,,,
하데리어,Herdier,507,노말,,,,1789,145,126,163,,,-Shadow,일반,,,,,,,,,,,,,,,,,,,,,,,,,,,,,,,,,,,,,,,,,,,,
하랑우탄,,765,노말,에스퍼,,,2770,168,192,207,,,-Shadow,일반,,,,,,,,,,,,,,,,,,,,,,,,,,,,,,,,,,,,,,,,,,,,
하리뭉,Hariyama,297,격투,,,,3198,209,114,302,,,-Shadow,일반,,,,,,,,,,,,,,,,,,,,,,,,,,,,,,,,,,,,,,,,,,,,
하마돈,Hippowdon,450,땅,,,,3488,201,191,239,,,-Shadow,일반,,,,,,,,,,,,,,,,,,,,,,,,,,,,,,,,,,,,,,,,,,,,
한바이트,Gabite,444,드래곤,땅,,,2119,172,125,169,,,-Shadow,일반,,,,,,,,,,,,,,,,,,,,,,,,,,,,,,,,,,,,,,,,,,,,
한카리아스,Garchomp,445,드래곤,땅,,,4479,261,193,239,,,-Shadow,일반,,,,,,,,,,,,,,,,,,,,,,,,,,,,,,,,,,,,,,,,,,,,
할비롱,,780,노말,드래곤,,,3294,231,164,186,,,-Shadow,일반,,,,,,,,,,,,,,,,,,,,,,,,,,,,,,,,,,,,,,,,,,,,
핫삼,Scizor,212,벌레,강철,,,3393,236,181,172,,,-Shadow,일반,,,,,,,,,,,,,,,,,,,,,,,,,,,,,,,,,,,,,,,,,,,,
해골몽,Duskull,355,고스트,,,,798,70,162,85,,,-Shadow,일반,,,,,,,,,,,,,,,,,,,,,,,,,,,,,,,,,,,,,,,,,,,,
해너츠,Sunkern,191,풀,,,,447,55,55,102,,,-Shadow,일반,,,,,,,,,,,,,,,,,,,,,,,,,,,,,,,,,,,,,,,,,,,,
해루미,Sunflora,192,풀,,,,2421,185,135,181,,,-Shadow,일반,,,,,,,,,,,,,,,,,,,,,,,,,,,,,,,,,,,,,,,,,,,,
해무기,,771,물,,,,1551,97,224,146,,,-Shadow,일반,,,,,,,,,,,,,,,,,,,,,,,,,,,,,,,,,,,,,,,,,,,,
해피너스,Blissey,242,노말,,,,3117,129,169,496,,,-Shadow,일반,,,,,,,,,,,,,,,,,,,,,,,,,,,,,,,,,,,,,,,,,,,,
헌테일,Huntail,367,물,,,,2645,197,179,146,,,-Shadow,일반,,,,,,,,,,,,,,,,,,,,,,,,,,,,,,,,,,,,,,,,,,,,
헤라크로스,Heracross,214,벌레,격투,,,3506,234,179,190,,,-Shadow,일반,,,,,,,,,,,,,,,,,,,,,,,,,,,,,,,,,,,,,,,,,,,,
헬가,Houndoom,229,악,불꽃,,,2979,224,144,181,,,-Shadow,일반,,,,,,,,,,,,,,,,,,,,,,,,,,,,,,,,,,,,,,,,,,,,
형광어,Finneon,456,물,,,,1098,96,116,135,,,-Shadow,일반,,,,,,,,,,,,,,,,,,,,,,,,,,,,,,,,,,,,,,,,,,,,
형사구스,,735,노말,,,,2470,194,113,204,,,-Shadow,일반,,,,,,,,,,,,,,,,,,,,,,,,,,,,,,,,,,,,,,,,,,,,
호바귀(대),,710,고스트,풀,,,1406,120,122,144,-Large,.fLARGE,_Shadow,기타,,,,,,,,,,,,,,,,,,,,,,,,,,,,,,,,,,,,,,,,,,,,
호바귀(소),,710,고스트,풀,,,1359,122,124,127,-Small,.fSMALL,_Shadow,기타,,,,,,,,,,,,,,,,,,,,,,,,,,,,,,,,,,,,,,,,,,,,
호바귀(중),,710,고스트,풀,,,1381,121,123,135,-Average,.fAVERAGE,_Shadow,기타,,,,,,,,,,,,,,,,,,,,,,,,,,,,,,,,,,,,,,,,,,,,
호바귀(특대),,710,고스트,풀,,,1414,118,120,153,-Super,.fSUPER,_Shadow,기타,,,,,,,,,,,,,,,,,,,,,,,,,,,,,,,,,,,,,,,,,,,,
홍수몬,Hitmonchan,107,격투,,,,2636,193,197,137,,,-Shadow,일반,,,,,,,,,,,,,,,,,,,,,,,,,,,,,,,,,,,,,,,,,,1649,1665100157967,1579
화강돌,Spiritomb,442,고스트,악,,,2343,169,199,137,,,-Shadow,일반,,,,,,,,,,,,,,,,,,,,,,,,,,,,,,,,,,,,,,,,,,,,
화살꼬빈,Fletchling,661,노말,비행,,,905,95,80,128,,,-Shadow,일반,,,,,,,,,,,,,,,,,,,,,,,,,,,,,,,,,,,,,,,,,,,,
화염레오,Pyroar,668,불꽃,노말,,,3129,221,149,200,,,-Shadow,일반,,,,,,,,,,,,,,,,,,,,,,,,,,,,,,,,,,,,,,,,,,,,
활화르바,Larvesta,636,벌레,불꽃,,,1692,156,107,146,,,-Shadow,일반,,,,,,,,,,,,,,,,,,,,,,,,,,,,,,,,,,,,,,,,,,,,
후딘,Alakazam,65,에스퍼,,,,3456,271,167,146,,,-Shadow,일반,,,,,,,,,,,,,,,,,,,,,,,,,,,,,,,,,,,,,,,,,,2163,2184100208367,2083
후파(굴레를 벗어난 후파),,720,에스퍼,악,,,4530,311,191,173,-Unbound,.fUNBOUND,_Shadow,기타,,,,,,,,,,,,,,,,,,,,,,,,,,,,,,,,,,,,,,,,,,,,
후파(굴레에 빠진 후파),,720,에스퍼,고스트,,,3797,261,187,173,-Confined,.fCONFINED,_Shadow,기타,,,,,,,,,,,,,,,,,,,,,,,,,,,,,,,,,,,,,,,,,,,,
훔처우,,827,악,,,,808,85,82,120,,,-Shadow,일반,,,,,,,,,,,,,,,,,,,,,,,,,,,,,,,,,,,,,,,,,,,,
휠구,Whirlipede,544,벌레,독,,,1293,100,173,120,,,-Shadow,일반,,,,,,,,,,,,,,,,,,,,,,,,,,,,,,,,,,,,,,,,,,,,
흉내내,Mime Jr.,439,에스퍼,페어리,,,1238,125,142,85,,,-Shadow,일반,,,,,,,,,,,,,,,,,,,,,,,,,,,,,,,,,,,,,,,,,,,,
흔들풍손,Drifloon,425,고스트,비행,,,1353,117,80,207,,,-Shadow,일반,,,,,,,,,,,,,,,,,,,,,,,,,,,,,,,,,,,,,,,,,,,,
흥나숭,,810,풀,,,,1227,122,91,137,,,-Shadow,일반,,,,,,,,,,,,,,,,,,,,,,,,,,,,,,,,,,,,,,,,,,,,
히드런,Heatran,485,불꽃,강철,,,4244,251,213,209,,,-Shadow,일반,,,,,,,,,,,,,,,,,,,,,,,,,,,,,,,,,,,,,,,,,,,,
히포포타스,Hippopotas,449,땅,,,,1535,124,118,169,,,-Shadow,일반,,,,,,,,,,,,,,,,,,,,,,,,,,,,,,,,,,,,,,,,,,,,